"pdb","title","DOI","resolution","Mean_B_Factor","oligo","oligo_sequence","residue_links","oligo_mean_B_Factor","comments","warnings","errors"
"1FI1","FHUA IN COMPLEX WITH LIPOPOLYSACCHARIDE AND RIFAMYCIN CGP4832","10.1016/S0969-2126(01)00631-1 ",2.9,68.4,"1fi1_oligo1","DGlcpa1-2DGlcpa1-3[DGalpa1-6]DGlcpa1-3[GMH1-7]GMH1-3GMH1-5[DKdopa2-4]DKdopa2-6DGlcp[2<R1>,3<R2>,4P]b1-6DGlcp[2<R3>,3<R4>]a1-O7P2","GMH(10_B_)-[GLA(9_B_)-[GLC(8_B_)-GLC(7_B_)]-GLC(6_B_)]-GMH(5_B_)-GMH(4_B_)-[KDO(11_B_)]-KDO(3_B_)-GCN(2_B_)-PA1(1_B_)",87.83,"","",""
"1JSI","CRYSTAL STRUCTURE OF H9 HAEMAGGLUTININ BOUND TO LSTC RECEPTOR ANALOG","10.1073/PNAS.201401198 ",2.4,0,"1jsi_oligo2","DNeup5Aca2-6DGalpb1-4DGlcpNAcb1-3DGalpb1-4DGlcpb1-ROH","SIA(5_F_)-GAL(4_F_)-NAG(3_F_)-GAL(2_F_)-GLC(1_F_)",70.0305,"","",""
"1LGC","INTERACTION OF A LEGUME LECTIN WITH THE N2 FRAGMENT OF HUMAN LACTOTRANSFERRIN OR WITH THE ISOLATED BIANTENNARY GLYCOPEPTIDE: ROLE OF THE FUCOSE MOIETY","10.1016/S0969-2126(00)00022-8 ",2.8,0,"1lgc_oligo1","DNeup5Aca2-6DGalpb1-4DGlcpNAcb1-2DManpa1-3[DManpa1-6]DManpb1-4DGlcpNAcb1-4[LFucpa1-6]DGlcpNAcb1-ASN","FUC(9_K_)-[MAN(8_K_)-[SIA(7_K_)-GAL(6_K_)-NAG(5_K_)-MAN(4_K_)]-BMA(3_K_)-NAG(2_K_)]-NAG(1_K_)-ASN(512_I_)",57.2812,"","",""
"1LGC","INTERACTION OF A LEGUME LECTIN WITH THE N2 FRAGMENT OF HUMAN LACTOTRANSFERRIN OR WITH THE ISOLATED BIANTENNARY GLYCOPEPTIDE: ROLE OF THE FUCOSE MOIETY","10.1016/S0969-2126(00)00022-8 ",2.8,0,"1lgc_oligo3","DNeup5Aca2-6DGalpb1-4DGlcpNAcb1-2DManpa1-3[DManpa1-6]DManpb1-4DGlcpNAcb1-4[LFucpa1-6]DGlcpNAcb1-ASN","FUC(9_L_)-[MAN(8_L_)-[SIA(7_L_)-GAL(6_L_)-NAG(5_L_)-MAN(4_L_)]-BMA(3_L_)-NAG(2_L_)]-NAG(1_L_)-ASN(512_J_)",59.1371,"","",""
"1MQN","BHA/LSTC","10.1016/S0042-6822(03)00068-0 ",3.2,0,"1mqn_oligo6","DNeup5Aca2-6DGalpb1-ROH","SIA(2_L_)-GAL(1_L_)",63.3464,"","",""
"1MQN","BHA/LSTC","10.1016/S0042-6822(03)00068-0 ",3.2,0,"1mqn_oligo4","DNeup5Aca2-6DGalpb1-ROH","SIA(2_J_)-GAL(1_J_)",70.1106,"","",""
"1PTO","THE STRUCTURE OF A PERTUSSIS TOXIN-SUGAR COMPLEX AS A MODEL FOR RECEPTOR BINDING","10.1038/NSB0994-591 ",3.5,0,"1pto_oligo1","DNeup5Aca2-6DGalpb1-ROH","SIA(2_M_)-GAL(1_M_)",82.0508,"","",""
"1PTO","THE STRUCTURE OF A PERTUSSIS TOXIN-SUGAR COMPLEX AS A MODEL FOR RECEPTOR BINDING","10.1038/NSB0994-591 ",3.5,0,"1pto_oligo2","DNeup5Aca2-6DGalpb1-ROH","SIA(2_N_)-GAL(1_N_)",69.7309,"","",""
"1PTO","THE STRUCTURE OF A PERTUSSIS TOXIN-SUGAR COMPLEX AS A MODEL FOR RECEPTOR BINDING","10.1038/NSB0994-591 ",3.5,0,"1pto_oligo3","DNeup5Aca2-6DGalpb1-ROH","SIA(2_O_)-GAL(1_O_)",77.9945,"","",""
"1Q9W","S45-18 FAB PENTASACCHARIDE BISPHOSPHATE COMPLEX","10.1038/NSB1014 ",1.75,30.56,"1q9w_oligo1","DKdopa2-4DKdopa2-4DKdopa2-6DGlcpN[4P]b1-6DGlcpNa1-O4P1","KDO(5_E_)-KDO(4_E_)-KDO(3_E_)-GP4(2_E_)-GP1(1_E_)",26.3586,"","",""
"1QDD","CRYSTAL STRUCTURE OF HUMAN LITHOSTATHINE TO 1.3 A RESOLUTION","10.1074/JBC.275.2.1057 ",1.3,0,"1qdd_oligo1","DGalpb1-3[DNeup5Aca2-6]DGlcpNAca1-THR","SIA(3_B_)-[GAL(2_B_)]-NDG(1_B_)-THR(5_A_)",23.499,"","",""
"1QFG","E. COLI FERRIC HYDROXAMATE RECEPTOR (FHUA)","10.1016/S0969-2126(00)00143-X ",2.5,65.4,"1qfg_oligo1","DGlcpa1-3[DGalpa1-6]DGlcpa1-3GMH1-3GMH1-5[DKdopa2-4]DKdopa2-6DGlcp[2<R1>,3<R2>,4P]a1-6DGlcp[2<R3>,3<R4>]a1-O7P2","GLA(8_B_)-[GLC(7_B_)]-GLC(6_B_)-GMH(5_B_)-GMH(4_B_)-[KDO(9_B_)]-KDO(3_B_)-GCN(2_B_)-PA1(1_B_)",72.7149,"","",""
"1QKC","ESCHERICHIA COLI FERRIC HYDROXAMATE UPTAKE RECEPTOR (FHUA) IN COMPLEX DELTA TWO-ALBOMYCIN","10.1110/PS.9.5.956 ",3.1,82.4,"1qkc_oligo2","DGlcpa1-2DGlcpa1-3[DGalpa1-6]DGlcpa1-3[GMH1-7]GMH1-3GMH1-5[DKdopa2-4]DKdopa2-6DAltp[2<R1>,3<R2>,4P]b1-6DGlcp[2<R3>,3<R4>]a1-O7P2","GMH(10_B_)-[GLA(9_B_)-[GLC(8_B_)-GLC(7_B_)]-GLC(6_B_)]-GMH(5_B_)-GMH(4_B_)-[KDO(11_B_)]-KDO(3_B_)-GCN(2_B_)-PA1(1_B_)",93.3385,"","",""
"1RVT","1930 H1 HEMAGGLUTININ IN COMPLEX WITH LSTC","10.1126/SCIENCE.1093155 ",2.5,0,"1rvt_oligo1","DNeup5Aca2-6DGalpb1-4DGlcpNAcb1-3DGalpb1-4DGlcpb1-ROH","SIA(5_B_)-GAL(4_B_)-NAG(3_B_)-GAL(2_B_)-BGC(1_B_)",68.6888,"","",""
"1RVT","1930 H1 HEMAGGLUTININ IN COMPLEX WITH LSTC","10.1126/SCIENCE.1093155 ",2.5,0,"1rvt_oligo2","DNeup5Aca2-6DGalpx1-","SIA(2_A_)-GAL(1_A_)",60.2061,"","",""
"1RVT","1930 H1 HEMAGGLUTININ IN COMPLEX WITH LSTC","10.1126/SCIENCE.1093155 ",2.5,0,"1rvt_oligo3","DNeup5Aca2-6DGalpx1-","SIA(2_C_)-GAL(1_C_)",49.052,"","",""
"1RVZ","1934 H1 HEMAGGLUTININ IN COMPLEX WITH LSTC","10.1126/SCIENCE.1093155 ",2.25,0,"1rvz_oligo5","DNeup5Aca2-6DGalpb1-4DGlcpNAcx1-","SIA(3_Q_)-GAL(2_Q_)-NAG(1_Q_)",65.5265,"","",""
"1RVZ","1934 H1 HEMAGGLUTININ IN COMPLEX WITH LSTC","10.1126/SCIENCE.1093155 ",2.25,0,"1rvz_oligo1","DNeup5Aca2-6DGalpb1-4DGlcpNAcx1-","SIA(3_M_)-GAL(2_M_)-NAG(1_M_)",68.2426,"","",""
"1RVZ","1934 H1 HEMAGGLUTININ IN COMPLEX WITH LSTC","10.1126/SCIENCE.1093155 ",2.25,0,"1rvz_oligo2","DNeup5Aca2-6DGalpb1-4DGlcpNAcx1-","SIA(3_N_)-GAL(2_N_)-NAG(1_N_)",73.6839,"","",""
"1RVZ","1934 H1 HEMAGGLUTININ IN COMPLEX WITH LSTC","10.1126/SCIENCE.1093155 ",2.25,0,"1rvz_oligo6","DNeup5Aca2-6DGalpb1-4DGlcpNAcx1-","SIA(3_R_)-GAL(2_R_)-NAG(1_R_)",66.5248,"","",""
"1RVZ","1934 H1 HEMAGGLUTININ IN COMPLEX WITH LSTC","10.1126/SCIENCE.1093155 ",2.25,0,"1rvz_oligo4","DNeup5Aca2-6DGalpb1-4DGlcpNAcx1-","SIA(3_P_)-GAL(2_P_)-NAG(1_P_)",65.5933,"","",""
"1RVZ","1934 H1 HEMAGGLUTININ IN COMPLEX WITH LSTC","10.1126/SCIENCE.1093155 ",2.25,0,"1rvz_oligo3","DNeup5Aca2-6DGalpb1-4DGlcpNAcx1-","SIA(3_O_)-GAL(2_O_)-NAG(1_O_)",69.7286,"","",""
"1SIE","MURINE POLYOMAVIRUS COMPLEXED WITH A DISIALYLATED OLIGOSACCHARIDE","10.1016/S0969-2126(96)00021-4 ",3.65,0,"1sie_oligo5","DNeup5Aca2-3DGalpb1-3[DNeup5Aca2-6]DGlcpNAcb1-ROH","SIA(4_K_)-[SIA(3_K_)-GAL(2_K_)]-NAG(1_K_)",174.896,"","",""
"1SIE","MURINE POLYOMAVIRUS COMPLEXED WITH A DISIALYLATED OLIGOSACCHARIDE","10.1016/S0969-2126(96)00021-4 ",3.65,0,"1sie_oligo1","DNeup5Aca2-3DGalpb1-3[DNeup5Aca2-6]DGlcpNAcb1-ROH","SIA(4_G_)-[SIA(3_G_)-GAL(2_G_)]-NAG(1_G_)",182.644,"","",""
"1SIE","MURINE POLYOMAVIRUS COMPLEXED WITH A DISIALYLATED OLIGOSACCHARIDE","10.1016/S0969-2126(96)00021-4 ",3.65,0,"1sie_oligo4","DNeup5Aca2-3DGalpb1-3[DNeup5Aca2-6]DGlcpNAcb1-ROH","SIA(4_J_)-[SIA(3_J_)-GAL(2_J_)]-NAG(1_J_)",180.041,"","",""
"1SIE","MURINE POLYOMAVIRUS COMPLEXED WITH A DISIALYLATED OLIGOSACCHARIDE","10.1016/S0969-2126(96)00021-4 ",3.65,0,"1sie_oligo2","DNeup5Aca2-3DGalpb1-3[DNeup5Aca2-6]DGlcpNAcb1-ROH","SIA(4_H_)-[SIA(3_H_)-GAL(2_H_)]-NAG(1_H_)",176.986,"","",""
"1SIE","MURINE POLYOMAVIRUS COMPLEXED WITH A DISIALYLATED OLIGOSACCHARIDE","10.1016/S0969-2126(96)00021-4 ",3.65,0,"1sie_oligo6","DNeup5Aca2-3DGalpb1-3[DNeup5Aca2-6]DGlcpNAcb1-ROH","SIA(4_L_)-[SIA(3_L_)-GAL(2_L_)]-NAG(1_L_)",186.755,"","",""
"1SIE","MURINE POLYOMAVIRUS COMPLEXED WITH A DISIALYLATED OLIGOSACCHARIDE","10.1016/S0969-2126(96)00021-4 ",3.65,0,"1sie_oligo3","DNeup5Aca2-3DGalpb1-3[DNeup5Aca2-6]DGlcpNAcb1-ROH","SIA(4_I_)-[SIA(3_I_)-GAL(2_I_)]-NAG(1_I_)",184.189,"","",""
"1UXA","ADENOVIRUS AD37 FIBRE HEAD IN COMPLEX WITH SIALYL-LACTOSE","10.1128/JVI.78.14.7727-7736.2004 ",1.5,22.81,"1uxa_oligo3","DNeup5Aca2-6DGalpb1-ROH","SIA(2_F_)-GAL(1_F_)",16.502,"","",""
"1VPS","POLYOMAVIRUS VP1 PENTAMER COMPLEXED WITH A DISIALYLATED HEXASACCHARIDE","10.1093/EMBOJ/16.16.5139 ",1.9,29.8,"1vps_oligo3","DNeup5Aca2-3DGalpb1-3[DNeup5Aca2-6]DGlcpNAcb1-ROH","SIA(4_H_)-[SIA(3_H_)-GAL(2_H_)]-NAG(1_H_)",47.3934,"","",""
"1VPS","POLYOMAVIRUS VP1 PENTAMER COMPLEXED WITH A DISIALYLATED HEXASACCHARIDE","10.1093/EMBOJ/16.16.5139 ",1.9,29.8,"1vps_oligo2","DNeup5Aca2-3DGalpb1-3[DNeup5Aca2-6]DGlcpNAcb1-ROH","SIA(4_G_)-[SIA(3_G_)-GAL(2_G_)]-NAG(1_G_)",53.8904,"","",""
"1VPS","POLYOMAVIRUS VP1 PENTAMER COMPLEXED WITH A DISIALYLATED HEXASACCHARIDE","10.1093/EMBOJ/16.16.5139 ",1.9,29.8,"1vps_oligo4","DNeup5Aca2-3DGalpb1-3[DNeup5Aca2-6]DGlcpNAcb1-ROH","SIA(4_I_)-[SIA(3_I_)-GAL(2_I_)]-NAG(1_I_)",41.0451,"","",""
"1VPS","POLYOMAVIRUS VP1 PENTAMER COMPLEXED WITH A DISIALYLATED HEXASACCHARIDE","10.1093/EMBOJ/16.16.5139 ",1.9,29.8,"1vps_oligo1","DNeup5Aca2-3DGalpb1-3[DNeup5Aca2-6]DGlcpNAcb1-ROH","SIA(4_F_)-[SIA(3_F_)-GAL(2_F_)]-NAG(1_F_)",52.786,"","",""
"1VPS","POLYOMAVIRUS VP1 PENTAMER COMPLEXED WITH A DISIALYLATED HEXASACCHARIDE","10.1093/EMBOJ/16.16.5139 ",1.9,29.8,"1vps_oligo5","DNeup5Aca2-3DGalpb1-3[DNeup5Aca2-6]DGlcpNAcb1-ROH","SIA(4_J_)-[SIA(3_J_)-GAL(2_J_)]-NAG(1_J_)",58.587,"","",""
"1ZAG","HUMAN ZINC-ALPHA-2-GLYCOPROTEIN","10.1126/SCIENCE.283.5409.1914 ",2.8,54.3,"1zag_oligo1","DNeup5Aca2-6DGalpb1-4DGlcpNAcb1-2DManpa1-6[DGlcpNAcb1-2DManpa1-3]DManpb1-4DGlcpNAcb1-4DGlcpNAcb1-ASN","SIA(7_F_)-GAL(6_F_)-NAG(5_F_)-MAN(4_F_)-[NAG(9_F_)-MAN(8_F_)]-BMA(3_F_)-NAG(2_F_)-NAG(1_F_)-ASN(239_B_)",63.8662,"","",""
"2CWG","CRYSTALLOGRAPHIC REFINEMENT AND STRUCTURE ANALYSIS OF THE COMPLEX OF WHEAT GERM AGGLUTININ WITH A BIVALENT SIALOGLYCOPEPTIDE FROM GLYCOPHORIN A","10.1006/JMBI.1993.1415 ",2,0,"2cwg_oligo3","DNeup5Aca2-3DGalpb1-3[DNeup5Aca2-6]DGalpNAca1-THR","SIA(4_C_)-[SIA(3_C_)-GAL(2_C_)]-NDG(1_C_)-THR(10_D_)",24.5194,"","",""
"2CWG","CRYSTALLOGRAPHIC REFINEMENT AND STRUCTURE ANALYSIS OF THE COMPLEX OF WHEAT GERM AGGLUTININ WITH A BIVALENT SIALOGLYCOPEPTIDE FROM GLYCOPHORIN A","10.1006/JMBI.1993.1415 ",2,0,"2cwg_oligo1","DNeup5Aca2-3DGalpb1-3[DNeup5Aca2-6]DGalpNAcx1-","SIA(4_F_)-[SIA(3_F_)-GAL(2_F_)]-NDG(1_F_)",78.3461,"","",""
"2DF3","THE STRUCTURE OF SIGLEC-7 IN COMPLEX WITH ALPHA(2,3)/ALPHA(2,6) DISIALYL LACTOTETRAOSYL 2-(TRIMETHYLSILYL)ETHYL","10.1042/BJ20060103 ",1.9,20.86,"2df3_oligo2","DNeup5Aca2-3DGalpb1-3[DNeup5Aca2-6]DGlcpNAcb1-ROH","SIA(4_B_)-[SIA(3_B_)-GAL(2_B_)]-NAG(1_B_)",24.2931,"","",""
"2DS0","CRYSTAL STRUCTURE OF THE EARTHWORM LECTIN C-TERMINAL DOMAIN MUTANT IN COMPLEX WITH 6'-SIALYLLACTOSE","10.1093/JB/MVM043 ",1.8,17.4,"2ds0_oligo1","DNeup5Aca2-6DGalpb1-4DGlcpb1-ROH","SIA(3_D_)-GAL(2_D_)-BGC(1_D_)",13.5428,"","",""
"2DS0","CRYSTAL STRUCTURE OF THE EARTHWORM LECTIN C-TERMINAL DOMAIN MUTANT IN COMPLEX WITH 6'-SIALYLLACTOSE","10.1093/JB/MVM043 ",1.8,17.4,"2ds0_oligo2","DNeup5Aca2-6DGalpb1-4DGlcpb1-ROH","SIA(3_C_)-GAL(2_C_)-BGC(1_C_)",18.6133,"","",""
"2FCP","FERRIC HYDROXAMATE UPTAKE RECEPTOR (FHUA) FROM E.COLI","10.1126/SCIENCE.282.5397.2215 ",2.5,67.4,"2fcp_oligo1","DGalpa1-3[DGalpa1-6]DGlcpa1-3GPH1-3GMH1-5[DKdopa2-4]DKdopa2-6DGlcp[2<R1>,3<R2>,4P]a1-6DGlcp[2<R3>,3<R4>]a1-O4P1","GLA(8_B_)-[GLA(7_B_)]-GLC(6_B_)-GPH(5_B_)-GMH(4_B_)-[KDO(9_B_)]-KDO(3_B_)-GP4(2_B_)-GP1(1_B_)",78.6068,"","",""
"2JH7","CRYSTAL STRUCTURE OF TOXOPLASMA GONDII MICRONEMAL PROTEIN 1 BOUND TO 6'-SIALYL-N-ACETYLLACTOSAMINE","10.1038/SJ.EMBOJ.7601704 ",2.07,28.92,"2jh7_oligo1","DNeup5Aca2-6DGalpb1-ROH","SIA(2_B_)-GAL(1_B_)",50.3545,"","",""
"2RFU","CRYSTAL STRUCTURE OF INFLUENZA B VIRUS HEMAGGLUTININ IN COMPLEX WITH LSTC RECEPTOR ANALOG","10.1073/PNAS.0708363104 ",2.8,52.17,"2rfu_oligo2","DNeup5Aca2-6DGalpb1-4DGlcpNAcx1-","SIA(3_G_)-GAL(2_G_)-NAG(1_G_)",92.5203,"","",""
"2WR1","STRUCTURE OF INFLUENZA H2 HEMAGGLUTININ WITH HUMAN RECEPTOR","10.1073/PNAS.0906849106 ",2.1,0,"2wr1_oligo1","DNeup5Aca2-6DGalpb1-4DGlcpNAcb1-ROH","SIA(3_D_)-GAL(2_D_)-NAG(1_D_)",79.9188,"","",""
"2WR1","STRUCTURE OF INFLUENZA H2 HEMAGGLUTININ WITH HUMAN RECEPTOR","10.1073/PNAS.0906849106 ",2.1,0,"2wr1_oligo4","DNeup5Aca2-6DGalpb1-4DGlcpNAcb1-ROH","SIA(3_G_)-GAL(2_G_)-NAG(1_G_)",54.6588,"","",""
"2WR4","STRUCTURE OF INFLUENZA H2 DUCK ONTARIO HEMAGGLUTININ WITH HUMAN RECEPTOR","10.1073/PNAS.0906849106 ",2.5,0,"2wr4_oligo1","DNeup5Aca2-6DGalpb1-4DGlcpNAcx1-","SIA(3_D_)-GAL(2_D_)-NAG(1_D_)",95.93,"","",""
"2WR7","THE STRUCTURE OF INFLUENZA H2 HUMAN SINGAPORE HEMAGGLUTININ WITH HUMAN RECEPTOR","10.1073/PNAS.0906849106 ",2.5,0,"2wr7_oligo1","DNeup5Aca2-6DGalpb1-4DGlcpNAcb1-3DGalpb1-ROH","SIA(4_D_)-GAL(3_D_)-NAG(2_D_)-GAL(1_D_)",80.45,"","",""
"2WRE","STRUCTURE OF H2 JAPAN HEMAGGLUTININ WITH HUMAN RECEPTOR","10.1073/PNAS.0906849106 ",3,0,"2wre_oligo1","DNeup5Aca2-6DGalpb1-ROH","SIA(2_D_)-GAL(1_D_)",110.42,"","",""
"2WRE","STRUCTURE OF H2 JAPAN HEMAGGLUTININ WITH HUMAN RECEPTOR","10.1073/PNAS.0906849106 ",3,0,"2wre_oligo3","DNeup5Aca2-6DGalpb1-ROH","SIA(2_F_)-GAL(1_F_)",78.9,"","",""
"2WRE","STRUCTURE OF H2 JAPAN HEMAGGLUTININ WITH HUMAN RECEPTOR","10.1073/PNAS.0906849106 ",3,0,"2wre_oligo2","DNeup5Aca2-6DGalpb1-ROH","SIA(2_E_)-GAL(1_E_)",86.37,"","",""
"2WRF","STRUCTURE OF H2 AVIAN JENA HEMAGGLUTININ WITH HUMAN RECEPTOR","10.1073/PNAS.0906849106 ",3.1,0,"2wrf_oligo1","DNeup5Aca2-6DGalpb1-ROH","SIA(2_J_)-GAL(1_J_)",89.19,"","",""
"2WRG","STRUCTURE OF H1 1918 HEMAGGLUTININ WITH HUMAN RECEPTOR","10.1073/PNAS.0906849106 ",3,0,"2wrg_oligo1","DNeup5Aca2-6DGalpb1-4DGlcpNAcb1-3DGalpb1-ROH","SIA(4_A_)-GAL(3_A_)-NAG(2_A_)-GAL(1_A_)",125.882,"","",""
"2YP3","HAEMAGGLUTININ OF 2004 HUMAN H3N2 VIRUS IN COMPLEX WITH HUMAN RECEPTOR ANALOGUE 6SLN","10.1073/PNAS.1218841110 ",1.88,27.18,"2yp3_oligo5","DNeup5Aca2-6DGalpb1-4DGlcpNAcb1-ROH","SIA(3_D_)-GAL(2_D_)-NAG(1_D_)",42.2258,"","",""
"2YP4","HAEMAGGLUTININ OF 2004 HUMAN H3N2 VIRUS IN COMPLEX WITH HUMAN RECEPTOR ANALOGUE LSTC","10.1073/PNAS.1218841110 ",1.85,34.4,"2yp4_oligo3","DNeup5Aca2-6DGalpb1-4DGlcpNAcb1-3DGalpb1-4DGlcpb1-ROH","SIA(5_C_)-GAL(4_C_)-NAG(3_C_)-GAL(2_C_)-BGC(1_C_)",72.9489,"","",""
"2YPG","HAEMAGGLUTININ OF 1968 HUMAN H3N2 VIRUS IN COMPLEX WITH HUMAN RECEPTOR ANALOGUE LSTC","10.1073/PNAS.1218841110 ",2.85,39.99,"2ypg_oligo5","DNeup5Aca2-6DGalpb1-4DGlcpNAcb1-3DGalpb1-4DGlcpb1-ROH","SIA(5_R_)-GAL(4_R_)-NAG(3_R_)-GAL(2_R_)-BGC(1_R_)",110.267,"","",""
"2YPG","HAEMAGGLUTININ OF 1968 HUMAN H3N2 VIRUS IN COMPLEX WITH HUMAN RECEPTOR ANALOGUE LSTC","10.1073/PNAS.1218841110 ",2.85,39.99,"2ypg_oligo8","DNeup5Aca2-6DGalpb1-4DGlcpNAcb1-3DGalpb1-4DGlcpb1-ROH","SIA(5_J_)-GAL(4_J_)-NAG(3_J_)-GAL(2_J_)-BGC(1_J_)",102.689,"","",""
"2YPG","HAEMAGGLUTININ OF 1968 HUMAN H3N2 VIRUS IN COMPLEX WITH HUMAN RECEPTOR ANALOGUE LSTC","10.1073/PNAS.1218841110 ",2.85,39.99,"2ypg_oligo10","DNeup5Aca2-6DGalpb1-4DGlcpNAcb1-ROH","SIA(4_O_)-GAL(3_O_)-NAG(2_O_)-GAL(1_O_)",123.255,"","",""
"3FXI","CRYSTAL STRUCTURE OF THE HUMAN TLR4-HUMAN MD-2-E.COLI LPS RA COMPLEX","10.1038/NATURE07830 ",3.1,82.2,"3fxi_oligo12","GMH1-7GMH1-3GMH1-5[DKdopa2-4]DKdopa2-6DGlcp[2<R1>,3<R2>,4P]b1-6DGlcp[2<R3>,3<R4>]a1-O4P1","GMH(6_H_)-GMH(5_H_)-GMH(4_H_)-[KDO(7_H_)]-KDO(3_H_)-GCS(2_H_)-PA1(1_H_)",106.153,"","",""
"3FXI","CRYSTAL STRUCTURE OF THE HUMAN TLR4-HUMAN MD-2-E.COLI LPS RA COMPLEX","10.1038/NATURE07830 ",3.1,82.2,"3fxi_oligo1","GMH1-7GMH1-3GMH1-5[DKdopa2-4]DKdopa2-6DGlcp[2<R1>,3<R2>,4P]b1-6DGlcp[2<R3>,3<R4>]a1-O4P1","GMH(6_E_)-GMH(5_E_)-GMH(4_E_)-[KDO(7_E_)]-KDO(3_E_)-PA1(2_E_)-PA1(1_E_)",105.977,"","",""
"3GHG","CRYSTAL STRUCTURE OF HUMAN FIBRINOGEN","10.1021/BI802205G ",2.9,80.58,"3ghg_oligo4","DNeup5Aca2-6DGalpa1-4DGlcpNAca1-2DManpa1-3[DNeup5Aca2-6DGalpb1-4DGlcpNAca1-2DManpa1-6]DManpb1-4DGlcpNAca1-4DGlcpNAcx1-","SIA(11_X_)-GAL(10_X_)-NAG(9_X_)-MAN(8_X_)-[SIA(7_X_)-GAL(6_X_)-NAG(5_X_)-MAN(4_X_)]-BMA(3_X_)-NAG(2_X_)-NAG(1_X_)",106.19,"","",""
"3GHG","CRYSTAL STRUCTURE OF HUMAN FIBRINOGEN","10.1021/BI802205G ",2.9,80.58,"3ghg_oligo1","DNeup5Aca2-6DGalpa1-4DGlcpNAca1-2DManpa1-3[DNeup5Aca2-6DGalpb1-4DGlcpNAca1-2DManpa1-6]DManpb1-4DGlcpNAca1-4DGlcpNAcx1-","SIA(11_U_)-GAL(10_U_)-NAG(9_U_)-MAN(8_U_)-[SIA(7_U_)-GAL(6_U_)-NAG(5_U_)-MAN(4_U_)]-BMA(3_U_)-NAG(2_U_)-NAG(1_U_)",105.172,"","",""
"3GHG","CRYSTAL STRUCTURE OF HUMAN FIBRINOGEN","10.1021/BI802205G ",2.9,80.58,"3ghg_oligo2","DNeup5Aca2-6DGalpa1-4DGlcpNAca1-2DManpa1-3[DNeup5Aca2-6DGalpb1-4DGlcpNAca1-2DManpa1-6]DManpb1-4DGlcpNAca1-4DGlcpNAcb1-ASN","SIA(11_V_)-GAL(10_V_)-NAG(9_V_)-MAN(8_V_)-[SIA(7_V_)-GAL(6_V_)-NAG(5_V_)-MAN(4_V_)]-BMA(3_V_)-NAG(2_V_)-NAG(1_V_)-ASN(364_E_)",107.051,"","",""
"3H32","CRYSTAL STRUCTURE OF D-DIMER FROM HUMAN FIBRIN COMPLEXED WITH GLY-HIS- ARG-PRO-TYR-AMIDE","10.1021/BI900647G ",3.6,0,"3h32_oligo1","DNeup5Aca2-6DGalpb1-4DGlcpNAca1-2DManpa1-3[DManpb1-6]DManpa1-4DGlcpNAca1-4DGlcpNAcb1-ASN","MAN(8_G_)-[SIA(7_G_)-GAL(6_G_)-NAG(5_G_)-MAN(4_G_)]-MAN(3_G_)-NAG(2_G_)-NAG(1_G_)-ASN(364_B_)",110.818,"","",""
"3HTQ","THE HEMAGGLUTININ STRUCTURE OF AN AVIAN H1N1 INFLUENZA A VIRUS IN COMPLEX WITH LSTC","10.1016/J.VIROL.2009.06.028 ",2.96,62.87,"3htq_oligo1","DNeup5Aca2-6DGalpb1-ROH","SIA(2_D_)-GAL(1_D_)",142.046,"","",""
"3IJS","STRUCTURE OF S67-27 IN COMPLEX WITH TSBP","10.1093/GLYCOB/CWP150 ",2.55,30.42,"3ijs_oligo1","DKdopa2-4DKdopa2-6DGlcpN[4P]b1-ROH","KDO(3_F_)-KDO(2_F_)-GP4(1_F_)",41.4763,"","",""
"3IJS","STRUCTURE OF S67-27 IN COMPLEX WITH TSBP","10.1093/GLYCOB/CWP150 ",2.55,30.42,"3ijs_oligo2","DKdopa2-4DKdopa2-6DGlcpN[4P]b1-ROH","KDO(3_E_)-KDO(2_E_)-GP4(1_E_)",32.5017,"","",""
"3M5I","CRYSTAL STRUCTURE OF A H7 INFLUENZA VIRUS HEMAGGLUTININ COMPLEXED WITH 6SLN","10.1371/JOURNAL.PPAT.1001081 ",3,40.81,"3m5i_oligo6","DNeup5Aca2-6DGalpb1-ROH","SIA(2_L_)-GAL(1_L_)",95.696,"","",""
"3M5I","CRYSTAL STRUCTURE OF A H7 INFLUENZA VIRUS HEMAGGLUTININ COMPLEXED WITH 6SLN","10.1371/JOURNAL.PPAT.1001081 ",3,40.81,"3m5i_oligo3","DNeup5Aca2-6DGalpb1-ROH","SIA(2_I_)-GAL(1_I_)",101.99,"","",""
"3M5I","CRYSTAL STRUCTURE OF A H7 INFLUENZA VIRUS HEMAGGLUTININ COMPLEXED WITH 6SLN","10.1371/JOURNAL.PPAT.1001081 ",3,40.81,"3m5i_oligo1","DNeup5Aca2-6DGalpb1-ROH","SIA(2_G_)-GAL(1_G_)",94.9044,"","",""
"3M5J","CRYSTAL STRUCTURE OF A H7 INFLUENZA VIRUS HEMAGGLUTININ COMPLEXED WITH LSTB","10.1371/JOURNAL.PPAT.1001081 ",2.6,15.6,"3m5j_oligo1","DGalpb1-3[DNeup5Aca2-6]DAllpNAcb1-3DGalpb1-ROH","SIA(4_G_)-[GAL(3_G_)]-NAG(2_G_)-GAL(1_G_)",73.288,"","",""
"3NXD","JC POLYOMAVIRUS VP1 IN COMPLEX WITH LSTC","10.1016/J.CHOM.2010.09.004 ",2,17.62,"3nxd_oligo2","DNeup5Aca2-6DGalpb1-4DGlcpNAcb1-3DGalpb1-4DGlcpb1-ROH","SIA(5_G_)-GAL(4_G_)-NAG(3_G_)-GAL(2_G_)-BGC(1_G_)",26.834,"","",""
"3NXD","JC POLYOMAVIRUS VP1 IN COMPLEX WITH LSTC","10.1016/J.CHOM.2010.09.004 ",2,17.62,"3nxd_oligo1","DNeup5Aca2-6DGalpb1-4DGlcpNAcb1-3DGalpb1-4DGlcpb1-ROH","SIA(5_F_)-GAL(4_F_)-NAG(3_F_)-GAL(2_F_)-BGC(1_F_)",25.352,"","",""
"3PHO","CRYSTAL STRUCTURE OF S64-4 IN COMPLEX WITH PSBP","10.1093/GLYCOB/CWR041 ",2.6,31.88,"3pho_oligo1","DKdopa2-8DKdopa2-4DKdopa2-6DGlcpN[4P]b1-ROH","KDO(4_C_)-KDO(3_C_)-KDO(2_C_)-Z9M(1_C_)",31.3973,"","",""
"3PHZ","CRYSTAL STRUCTURE ANALYSIS OF POLYPORUS SQUAMOSUS LECTIN BOUND TO HUMAN-TYPE INFLUENZA-BINDING EPITOPE NEU5ACA2-6GALB1-4GLCNAC","10.1093/GLYCOB/CWR030 ",1.7,28.89,"3phz_oligo2","DNeup5Aca2-6DGalpb1-4DGlcpNAcb1-ROH","SIA(3_D_)-GAL(2_D_)-NAG(1_D_)",50.9068,"","",""
"3RY6","COMPLEX OF FCGAMMARIIA (CD32) AND THE FC OF HUMAN IGG1","10.4049/JIMMUNOL.1101467 ",3.8,0,"3ry6_oligo2","DNeup5Aca2-6DGalpb1-4DGlcpNAcb1-2DManpa1-3[DNeup5Aca2-6DGalpb1-4DGlcpNAcb1-2DManpa1-6]DManpb1-4DGlcpNAcb1-4[LFucpb1-6]DGlcpNAcb1-ASN","FUL(12_E_)-[SIA(11_E_)-GAL(10_E_)-NAG(9_E_)-MAN(8_E_)-[SIA(7_E_)-GAL(6_E_)-NAG(5_E_)-MAN(4_E_)]-BMA(3_E_)-NAG(2_E_)]-NAG(1_E_)-ASN(297_B_)",58.4448,"","",""
"3RY6","COMPLEX OF FCGAMMARIIA (CD32) AND THE FC OF HUMAN IGG1","10.4049/JIMMUNOL.1101467 ",3.8,0,"3ry6_oligo1","DNeup5Aca2-6DGalpb1-4DGlcpNAcb1-2DManpa1-3[DGlcpNAcb1-2DManpa1-6]DManpb1-4DGlcpNAcb1-4[LFucpb1-6]DGlcpNAca1-ASN","FUL(10_D_)-[NAG(9_D_)-MAN(8_D_)-[SIA(7_D_)-GAL(6_D_)-NAG(5_D_)-MAN(4_D_)]-BMA(3_D_)-NAG(2_D_)]-NDG(1_D_)-ASN(297_A_)",60.0921,"","",""
"3S6Y","STRUCTURE OF REOVIRUS ATTACHMENT PROTEIN SIGMA1 IN COMPLEX WITH ALPHA- 2,6-SIALYLLACTOSE","10.1371/JOURNAL.PPAT.1002166 ",2.79,0,"3s6y_oligo1","DNeup5Aca2-6DGalpb1-4DGlcpb1-ROH","SIA(3_E_)-GAL(2_E_)-BGC(1_E_)",62.1211,"","",""
"3S6Y","STRUCTURE OF REOVIRUS ATTACHMENT PROTEIN SIGMA1 IN COMPLEX WITH ALPHA- 2,6-SIALYLLACTOSE","10.1371/JOURNAL.PPAT.1002166 ",2.79,0,"3s6y_oligo2","DNeup5Aca2-6DGalpb1-4DGlcpb1-ROH","SIA(3_D_)-GAL(2_D_)-BGC(1_D_)",82.0525,"","",""
"3UBE","INFLUENZA HEMAGGLUTININ FROM THE 2009 PANDEMIC IN COMPLEX WITH LIGAND LSTC","10.1128/JVI.06322-11 ",2.15,0,"3ube_oligo3","DNeup5Aca2-6DGalpb1-4DGlcpNAcx1-","SIA(3_O_)-GAL(2_O_)-NAG(1_O_)",49.8251,"","",""
"3UBE","INFLUENZA HEMAGGLUTININ FROM THE 2009 PANDEMIC IN COMPLEX WITH LIGAND LSTC","10.1128/JVI.06322-11 ",2.15,0,"3ube_oligo2","DNeup5Aca2-6DGalpb1-4DGlcpNAcb1-3DGalpb1-ROH","SIA(4_N_)-GAL(3_N_)-NAG(2_N_)-GAL(1_N_)",50.4568,"","",""
"3UBE","INFLUENZA HEMAGGLUTININ FROM THE 2009 PANDEMIC IN COMPLEX WITH LIGAND LSTC","10.1128/JVI.06322-11 ",2.15,0,"3ube_oligo6","DNeup5Aca2-6DGalpb1-4DGlcpNAcb1-3DGalpb1-ROH","SIA(4_R_)-GAL(3_R_)-NAG(2_R_)-GAL(1_R_)",59.6903,"","",""
"3UBE","INFLUENZA HEMAGGLUTININ FROM THE 2009 PANDEMIC IN COMPLEX WITH LIGAND LSTC","10.1128/JVI.06322-11 ",2.15,0,"3ube_oligo1","DNeup5Aca2-6DGalpb1-4DGlcpNAcb1-3DGalpb1-ROH","SIA(4_M_)-GAL(3_M_)-NAG(2_M_)-GAL(1_M_)",56.0269,"","",""
"3UBE","INFLUENZA HEMAGGLUTININ FROM THE 2009 PANDEMIC IN COMPLEX WITH LIGAND LSTC","10.1128/JVI.06322-11 ",2.15,0,"3ube_oligo5","DNeup5Aca2-6DGalpb1-4DGlcpNAcx1-","SIA(3_Q_)-GAL(2_Q_)-NAG(1_Q_)",43.2122,"","",""
"3UBN","INFLUENZA HEMAGGLUTININ FROM THE 2009 PANDEMIC IN COMPLEX WITH LIGAND 6SLN","10.1128/JVI.06322-11 ",2.51,48.88,"3ubn_oligo2","DNeup5Aca2-6DGalpb1-4DGlcpNAcb1-ROH","SIA(3_N_)-GAL(2_N_)-NAG(1_N_)",49.2628,"","",""
"3UBN","INFLUENZA HEMAGGLUTININ FROM THE 2009 PANDEMIC IN COMPLEX WITH LIGAND 6SLN","10.1128/JVI.06322-11 ",2.51,48.88,"3ubn_oligo1","DNeup5Aca2-6DGalpb1-4DGlcpNAcb1-ROH","SIA(3_M_)-GAL(2_M_)-NAG(1_M_)",58.6783,"","",""
"3UBN","INFLUENZA HEMAGGLUTININ FROM THE 2009 PANDEMIC IN COMPLEX WITH LIGAND 6SLN","10.1128/JVI.06322-11 ",2.51,48.88,"3ubn_oligo6","DNeup5Aca2-6DGalpb1-4DGlcpNAcb1-ROH","SIA(3_R_)-GAL(2_R_)-NAG(1_R_)",52.6683,"","",""
"3UBN","INFLUENZA HEMAGGLUTININ FROM THE 2009 PANDEMIC IN COMPLEX WITH LIGAND 6SLN","10.1128/JVI.06322-11 ",2.51,48.88,"3ubn_oligo4","DNeup5Aca2-6DGalpx1-","SIA(2_P_)-GAL(1_P_)",57.5945,"","",""
"3UBN","INFLUENZA HEMAGGLUTININ FROM THE 2009 PANDEMIC IN COMPLEX WITH LIGAND 6SLN","10.1128/JVI.06322-11 ",2.51,48.88,"3ubn_oligo7","DNeup5Aca2-6DGalpb1-4DGlcpNAcb1-ROH","SIA(3_S_)-GAL(2_S_)-NAG(1_S_)",72.71,"","",""
"3UBN","INFLUENZA HEMAGGLUTININ FROM THE 2009 PANDEMIC IN COMPLEX WITH LIGAND 6SLN","10.1128/JVI.06322-11 ",2.51,48.88,"3ubn_oligo3","DNeup5Aca2-6DGalpb1-4DGlcpNAcb1-ROH","SIA(3_O_)-GAL(2_O_)-NAG(1_O_)",59.4454,"","",""
"3V8X","THE CRYSTAL STRUCTURE OF TRANSFERRIN BINDING PROTEIN A (TBPA) FROM NEISSERIAL MENINGITIDIS SEROGROUP B IN COMPLEX WITH FULL LENGTH HUMAN TRANSFERRIN","10.1038/NATURE10823 ",2.6,0,"3v8x_oligo1","DNeup5Aca2-6DGalpb1-4DGlcpNAcb1-4DManpa1-3[DGalpb1-4DGlcpNAcb1-4DManpa1-6]DManpb1-4DGlcpNAcb1-4DGlcpNAcb1-ASN","GAL(10_C_)-NAG(9_C_)-MAN(8_C_)-[SIA(7_C_)-GAL(6_C_)-NAG(5_C_)-MAN(4_C_)]-BMA(3_C_)-NAG(2_C_)-NAG(1_C_)-ASN(413_B_)",110.842,"","",""
"3V8X","THE CRYSTAL STRUCTURE OF TRANSFERRIN BINDING PROTEIN A (TBPA) FROM NEISSERIAL MENINGITIDIS SEROGROUP B IN COMPLEX WITH FULL LENGTH HUMAN TRANSFERRIN","10.1038/NATURE10823 ",2.6,0,"3v8x_oligo2","DNeup5Aca2-6DGalpb1-4DGlcpNAcb1-4DManpa1-6[DGlcpNAcb1-4DManpa1-3]DManpb1-4DGlcpNAcb1-4DGlcpNAcb1-ASN","SIA(7_D_)-GAL(6_D_)-NAG(5_D_)-MAN(4_D_)-[NAG(9_D_)-MAN(8_D_)]-BMA(3_D_)-NAG(2_D_)-NAG(1_D_)-ASN(611_B_)",147.147,"","",""
"3WSR","CRYSTAL STRUCTURE OF CLEC-2 IN COMPLEX WITH O-GLYCOSYLATED PODOPLANIN","10.1016/J.STR.2014.09.009 ",1.91,28.01,"3wsr_oligo1","DGalpb1-3[DNeup5Aca2-6]DGalpNAca1-THR","SIA(3_F_)-[GAL(2_F_)]-A2G(1_F_)-THR(52_D_)",27.3954,"","",""
"3WSR","CRYSTAL STRUCTURE OF CLEC-2 IN COMPLEX WITH O-GLYCOSYLATED PODOPLANIN","10.1016/J.STR.2014.09.009 ",1.91,28.01,"3wsr_oligo2","DGalpb1-3[DNeup5Aca2-6]DGalpNAca1-THR","SIA(3_E_)-[GAL(2_E_)]-A2G(1_E_)-THR(52_C_)",30.9119,"","",""
"3WV0","O-GLYCAN ATTACHED TO HERPES SIMPLEX VIRUS TYPE 1 GLYCOPROTEIN GB IS RECOGNIZED BY THE IG V-SET DOMAIN OF HUMAN PAIRED IMMUNOGLOBULIN-LIKE TYPE 2 RECEPTOR ALPHA","10.1073/PNAS.1324105111 ",2.3,15.14,"3wv0_oligo2","DNeup5Aca2-6DGalpNAca1-THR","SIA(2_D_)-A2G(1_D_)-THR(53_Y_)",14.6859,"","",""
"3WV0","O-GLYCAN ATTACHED TO HERPES SIMPLEX VIRUS TYPE 1 GLYCOPROTEIN GB IS RECOGNIZED BY THE IG V-SET DOMAIN OF HUMAN PAIRED IMMUNOGLOBULIN-LIKE TYPE 2 RECEPTOR ALPHA","10.1073/PNAS.1324105111 ",2.3,15.14,"3wv0_oligo1","DNeup5Aca2-6DGalpNAca1-THR","SIA(2_C_)-A2G(1_C_)-THR(53_X_)",17.3107,"","",""
"4AVV","STRUCTURE OF CPHPC BOUND TO SERUM AMYLOID P COMPONENT","10.1107/S1399004714013455 ",1.6,18.9,"4avv_oligo13","DNeup5Aca2-6DGalpx1-","SIA(11_G_)-GAL(10_G_)",30.8163,"","",""
"4AVV","STRUCTURE OF CPHPC BOUND TO SERUM AMYLOID P COMPONENT","10.1107/S1399004714013455 ",1.6,18.9,"4avv_oligo12","DNeup5Aca2-6DGalpb1-4DGlcpNAcb1-2DManpa1-3[DGlcpNAcb1-2DManpa1-6]DManpb1-4DGlcpNAcb1-4DGlcpNAcb1-ASN","NAG(9_G_)-MAN(8_G_)-[SIA(7_G_)-GAL(6_G_)-NAG(5_G_)-MAN(4_G_)]-BMA(3_G_)-NAG(2_G_)-NAG(1_G_)-ASN(32_D_)",33.5094,"","",""
"4BGX","H5 (VN1194) INFLUENZA VIRUS HAEMAGGLUTININ IN COMPLEX WITH HUMAN RECEPTOR ANALOGUE 6'-SLN","10.1038/NATURE12144 ",2.48,76.79,"4bgx_oligo1","DNeup5Aca2-6DGalpb1-ROH","SIA(2_C_)-GAL(1_C_)",97.2251,"","",""
"4BH0","H5 (TYTY) INFLUENZA VIRUS HAEMAGGLUTININ IN COMPLEX WITH HUMAN RECEPTOR ANALOGUE 6'-SLN","10.1038/NATURE12144 ",2.36,61.61,"4bh0_oligo3","DNeup5Aca2-6DGalpb1-4DGlcpNAcb1-ROH","SIA(3_I_)-GAL(2_I_)-NAG(1_I_)",48.7905,"","",""
"4BH0","H5 (TYTY) INFLUENZA VIRUS HAEMAGGLUTININ IN COMPLEX WITH HUMAN RECEPTOR ANALOGUE 6'-SLN","10.1038/NATURE12144 ",2.36,61.61,"4bh0_oligo2","DNeup5Aca2-6DGalpb1-4DGlcpNAcb1-ROH","SIA(3_H_)-GAL(2_H_)-NAG(1_H_)",57.2217,"","",""
"4BH0","H5 (TYTY) INFLUENZA VIRUS HAEMAGGLUTININ IN COMPLEX WITH HUMAN RECEPTOR ANALOGUE 6'-SLN","10.1038/NATURE12144 ",2.36,61.61,"4bh0_oligo1","DNeup5Aca2-6DGalpb1-ROH","SIA(2_G_)-GAL(1_G_)",67.24,"","",""
"4BH3","HAEMAGGLUTININ FROM A TRANSMISSIBLE MUTANT H5 INFLUENZA VIRUS IN COMPLEX WITH HUMAN RECEPTOR ANALOGUE 6'-SLN","10.1038/NATURE12144 ",2,38.24,"4bh3_oligo3","DNeup5Aca2-6DGalpb1-4DGlcpNAcb1-ROH","SIA(3_D_)-GAL(2_D_)-NAG(1_D_)",60.0724,"","",""
"4BSB","HUMAN H7N9 INFLUENZA VIRUS HAEMAGGLUTININ (WITH ASN-133 GLYCOSYLATION) IN COMPLEX WITH HUMAN RECEPTOR ANALOGUE LSTC","10.1038/NATURE12372 ",2.35,66.13,"4bsb_oligo1","DNeup5Aca2-6DGalpb1-4DGlcpNAcb1-ROH","SIA(3_C_)-GAL(2_C_)-NAG(1_C_)",86.6214,"","",""
"4BSC","HUMAN H7N9 INFLUENZA VIRUS HAEMAGGLUTININ (WITH ASN-133 GLYCOSYLATION) IN COMPLEX WITH HUMAN RECEPTOR ANALOGUE 6'-SLN","10.1038/NATURE12372 ",2.55,66.8,"4bsc_oligo1","DNeup5Aca2-6DGalpb1-4DGlcpNAcb1-ROH","SIA(3_C_)-GAL(2_C_)-NAG(1_C_)",94.4681,"","",""
"4BSE","HUMAN H7N9 INFLUENZA VIRUS HAEMAGGLUTININ IN COMPLEX WITH HUMAN RECEPTOR ANALOGUE LSTC","10.1038/NATURE12372 ",2.55,66.5,"4bse_oligo1","DNeup5Aca2-6DGalpb1-4DGlcpNAcb1-ROH","SIA(3_C_)-GAL(2_C_)-NAG(1_C_)",88.6541,"","",""
"4BSH","H7N3 AVIAN INFLUENZA VIRUS HAEMAGGLUTININ IN COMPLEX WITH HUMAN RECEPTOR ANALOGUE 6'-SLN","10.1038/NATURE12372 ",2.25,62.53,"4bsh_oligo1","DNeup5Aca2-6DGalpb1-ROH","SIA(2_C_)-GAL(1_C_)",77.824,"","",""
"4BYH","CRYSTAL STRUCTURE OF SIALYLATED IGG FC","10.1073/PNAS.1310657110 ",2.3,66.11,"4byh_oligo1","DNeup5Aca2-6DGalpb1-4DGlcpNAcb1-2DManpa1-6[DGlcpNAcb1-2DManpa1-3]DManpb1-4DGlcpNAcb1-4[LFucpa1-6]DGlcpNAcb1-ASN","FUC(10_C_)-[SIA(7_C_)-GAL(6_C_)-NAG(5_C_)-MAN(4_C_)-[NAG(9_C_)-MAN(8_C_)]-BMA(3_C_)-NAG(2_C_)]-NAG(1_C_)-ASN(297_A_)",91.0439,"","",""
"4C1X","CARBOHYDRATE BINDING DOMAIN FROM STREPTOCOCCUS PNEUMONIAE NANA SIALIDASE COMPLEXED WITH 6'-SIALYLLACTOSE","10.1186/S12900-015-0042-4 ",1.84,17.38,"4c1x_oligo1","DNeup5Aca2-6DGalpb1-4DGlcpb1-ROH","SIA(3_B_)-GAL(2_B_)-BGC(1_B_)",36.9686,"","",""
"4CQR","H5 (VN1194) SER227ASN/GLN196ARG MUTANT HAEMAGGLUTININ IN COMPLEX WITH HUMAN RECEPTOR ANALOGUE 6'SLN","10.1016/J.VIROL.2014.03.008 ",2.45,88.76,"4cqr_oligo1","DNeup5Aca2-6DGalpb1-ROH","SIA(2_E_)-GAL(1_E_)",106.942,"","",""
"4CQU","H5 (VN1194) ASN186LYS MUTANT HAEMAGGLUTININ IN COMPLEX WITH HUMAN RECEPTOR ANALOGUE 6'SLN","10.1016/J.VIROL.2014.03.008 ",2.48,85.13,"4cqu_oligo1","DNeup5Aca2-6DGalpb1-ROH","SIA(2_E_)-GAL(1_E_)",110.025,"","",""
"4CQX","H5 (TYTY) DEL133/ILE155THR MUTANT HAEMAGGLUTININ IN COMPLEX WITH HUMAN RECEPTOR ANALOGUE 6'SLN","10.1016/J.VIROL.2014.03.008 ",2.3,51.22,"4cqx_oligo3","DNeup5Aca2-6DGalpb1-4DGlcpNAcb1-ROH","SIA(3_I_)-GAL(2_I_)-NAG(1_I_)",76.4247,"","",""
"4CQX","H5 (TYTY) DEL133/ILE155THR MUTANT HAEMAGGLUTININ IN COMPLEX WITH HUMAN RECEPTOR ANALOGUE 6'SLN","10.1016/J.VIROL.2014.03.008 ",2.3,51.22,"4cqx_oligo1","DNeup5Aca2-6DGalpb1-4DGlcpNAcb1-ROH","SIA(3_G_)-GAL(2_G_)-NAG(1_G_)",81.7262,"","",""
"4CQX","H5 (TYTY) DEL133/ILE155THR MUTANT HAEMAGGLUTININ IN COMPLEX WITH HUMAN RECEPTOR ANALOGUE 6'SLN","10.1016/J.VIROL.2014.03.008 ",2.3,51.22,"4cqx_oligo2","DNeup5Aca2-6DGalpb1-4DGlcpNAcb1-ROH","SIA(3_H_)-GAL(2_H_)-NAG(1_H_)",71.6724,"","",""
"4CU4","FHUA FROM E. COLI IN COMPLEX WITH THE LASSO PEPTIDE MICROCIN J25 (MCCJ25)","10.1038/NCHEMBIO.1499 ",2.3,56.71,"4cu4_oligo1","GMH1-3GMH1-5[DKdopa2-4]DKdopa2-6DGlcp[2<R1>,3<R2>,4P]b1-6DGlcp[2<R3>,3<R4>]a1-O7P2","GMH(5_C_)-GMH(4_C_)-[KDO(6_C_)]-KDO(3_C_)-GCS(2_C_)-PA1(1_C_)-DPO(2000_A_)",76.6514,"","",""
"4CYW","STRUCTURE OF THE A_MALLARD_SWEDEN_51_2002 H10 AVIAN HAEMMAGLUTININ IN COMPLEX WITH HUMAN RECEPTOR ANALOG 6-SLN","10.1038/NATURE13443 ",2.6,60.89,"4cyw_oligo5","DNeup5Aca2-6DGalpb1-4DGlcpNAcx1-","SIA(3_K_)-GAL(2_K_)-NAG(1_K_)",99.6438,"","",""
"4CYW","STRUCTURE OF THE A_MALLARD_SWEDEN_51_2002 H10 AVIAN HAEMMAGLUTININ IN COMPLEX WITH HUMAN RECEPTOR ANALOG 6-SLN","10.1038/NATURE13443 ",2.6,60.89,"4cyw_oligo3","DNeup5Aca2-6DGalpb1-4DGlcpNAcb1-ROH","SIA(3_I_)-GAL(2_I_)-NAG(1_I_)",92.8134,"","",""
"4CYW","STRUCTURE OF THE A_MALLARD_SWEDEN_51_2002 H10 AVIAN HAEMMAGLUTININ IN COMPLEX WITH HUMAN RECEPTOR ANALOG 6-SLN","10.1038/NATURE13443 ",2.6,60.89,"4cyw_oligo2","DNeup5Aca2-6DGalpb1-4DGlcpNAcb1-ROH","SIA(3_G_)-GAL(2_G_)-NAG(1_G_)",125.32,"","",""
"4D00","HAEMAGGLUTININ OF H10N8 INFLUENZA VIRUS ISOLATED FROM HUMANS IN COMPLEX WITH HUMAN RECEPTOR ANALOGUE 6'SLN","10.1038/NATURE13443 ",2.5,30.99,"4d00_oligo3","DNeup5Aca2-6DGalpb1-4DGlcpNAcb1-ROH","SIA(3_I_)-GAL(2_I_)-NAG(1_I_)",75.5741,"","",""
"4D00","HAEMAGGLUTININ OF H10N8 INFLUENZA VIRUS ISOLATED FROM HUMANS IN COMPLEX WITH HUMAN RECEPTOR ANALOGUE 6'SLN","10.1038/NATURE13443 ",2.5,30.99,"4d00_oligo1","DNeup5Aca2-6DGalpb1-4DGlcpNAcb1-ROH","SIA(3_G_)-GAL(2_G_)-NAG(1_G_)",73.2652,"","",""
"4D00","HAEMAGGLUTININ OF H10N8 INFLUENZA VIRUS ISOLATED FROM HUMANS IN COMPLEX WITH HUMAN RECEPTOR ANALOGUE 6'SLN","10.1038/NATURE13443 ",2.5,30.99,"4d00_oligo5","DNeup5Aca2-6DGalpb1-4DGlcpNAcb1-ROH","SIA(3_K_)-GAL(2_K_)-NAG(1_K_)",57.613,"","",""
"4DQO","CRYSTAL STRUCTURE OF PG16 FAB IN COMPLEX WITH V1V2 REGION FROM HIV-1 STRAIN ZM109","10.1038/NSMB.2600 ",2.44,0,"4dqo_oligo1","DNeup5Aca2-6DGalpb1-4DGlcpNAcb1-2DManpa1-3[DManpa1-3[DManpa1-6]DManpa1-6]DManpb1-4DGlcpNAcb1-4DGlcpNAcb1-ASN","MAN(10_B_)-[MAN(9_B_)]-MAN(8_B_)-[SIA(7_B_)-GAL(6_B_)-NAG(5_B_)-MAN(4_B_)]-BMA(3_B_)-NAG(2_B_)-NAG(1_B_)-ASN(173_C_)",69.023,"","",""
"4EN8","CRYSTAL STRUCTURE OF HA70 (HA3) SUBCOMPONENT OF CLOSTRIDIUM BOTULINUM TYPE C PROGENITOR TOXIN IN COMPLEX WITH ALPHA 2-6-SIALYLLACTOSE","10.1016/J.FEBSLET.2012.05.055 ",2.6,52.3,"4en8_oligo1","DNeup5Aca2-6DGalpb1-4DGlcpb1-ROH","SIA(3_C_)-GAL(2_C_)-BGC(1_C_)",68.7758,"","",""
"4EN9","CRYSTAL STRUCTURE OF HA70 (HA3) SUBCOMPONENT OF CLOSTRIDIUM BOTULINUM TYPE C PROGENITOR TOXIN IN COMPLEX WITH ALPHA 2-6-SIALYLLACTOSAMINE","10.1016/J.FEBSLET.2012.05.055 ",2.64,52,"4en9_oligo1","DNeup5Aca2-6DGalpb1-4DGlcpNAcb1-ROH","SIA(3_C_)-GAL(2_C_)-NAG(1_C_)",74.6458,"","",""
"4FQC","CRYSTAL STRUCTURE OF PGT121 FAB BOUND TO A COMPLEX-TYPE SIALYLATED N- GLYCAN","10.1073/PNAS.1217207109 ",2.4,32.26,"4fqc_oligo1","DNeup5Aca2-6DGalpb1-4DGlcpNAcb1-2DManpa1-3[DGlcpNAcb1-2DManpa1-6]DManpb1-4DGlcpNAcb1-4[LFucpa1-6]DGlcpNAcb1-ASN","FUC(10_A_)-[NAG(9_A_)-MAN(8_A_)-[SIA(7_A_)-GAL(6_A_)-NAG(5_A_)-MAN(4_A_)]-BMA(3_A_)-NAG(2_A_)]-NAG(1_A_)-ASN(105_H_)",38.303,"","",""
"4GZX","N2 NEURAMINIDASE D151G MUTANT OF A/TANZANIA/205/2010 H3N2 IN COMPLEX WITH HUMAN SIALIC ACID RECEPTOR","10.1128/JVI.01426-12 ",2.45,28.56,"4gzx_oligo3","DNeup5Aca2-6DGalpb1-ROH","SIA(2_G_)-GAL(1_G_)",55.2541,"","",""
"4GZX","N2 NEURAMINIDASE D151G MUTANT OF A/TANZANIA/205/2010 H3N2 IN COMPLEX WITH HUMAN SIALIC ACID RECEPTOR","10.1128/JVI.01426-12 ",2.45,28.56,"4gzx_oligo2","DNeup5Aca2-6DGalpb1-ROH","SIA(2_E_)-GAL(1_E_)",52.5711,"","",""
"4JCF","S268F VARIANT OF JC POLYOMAVIRUS MAJOR CAPSID PROTEIN VP1 IN COMPLEX WITH LSTC","10.1128/MBIO.00247-13 ",2.2,21.4,"4jcf_oligo1","DNeup5Aca2-6DGalpb1-4DGlcpNAcb1-ROH","SIA(3_F_)-GAL(2_F_)-NAG(1_F_)",35.1518,"","",""
"4JTV","CRYSTAL STRUCTURE OF 2009 PANDEMIC INFLUENZA VIRUS HEMAGGLUTININ COMPLEXED WITH HUMAN RECEPTOR ANALOGUE LSTC","10.1128/JVI.00545-13 ",3,84.62,"4jtv_oligo4","DNeup5Aca2-6DGalpb1-4DGlcpNAcb1-3DGalpx1-","SIA(4_P_)-GAL(3_P_)-NAG(2_P_)-GAL(1_P_)",107.778,"","",""
"4JTV","CRYSTAL STRUCTURE OF 2009 PANDEMIC INFLUENZA VIRUS HEMAGGLUTININ COMPLEXED WITH HUMAN RECEPTOR ANALOGUE LSTC","10.1128/JVI.00545-13 ",3,84.62,"4jtv_oligo1","DNeup5Aca2-6DGalpb1-4DGlcpNAcx1-","SIA(3_M_)-GAL(2_M_)-NAG(1_M_)",77.368,"","",""
"4JTV","CRYSTAL STRUCTURE OF 2009 PANDEMIC INFLUENZA VIRUS HEMAGGLUTININ COMPLEXED WITH HUMAN RECEPTOR ANALOGUE LSTC","10.1128/JVI.00545-13 ",3,84.62,"4jtv_oligo5","DNeup5Aca2-6DGalpb1-4DGlcpNAcx1-","SIA(3_Q_)-GAL(2_Q_)-NAG(1_Q_)",104.239,"","",""
"4JTV","CRYSTAL STRUCTURE OF 2009 PANDEMIC INFLUENZA VIRUS HEMAGGLUTININ COMPLEXED WITH HUMAN RECEPTOR ANALOGUE LSTC","10.1128/JVI.00545-13 ",3,84.62,"4jtv_oligo6","DNeup5Aca2-6DGalpb1-4DGlcpNAcx1-","SIA(3_R_)-GAL(2_R_)-NAG(1_R_)",122.205,"","",""
"4JTV","CRYSTAL STRUCTURE OF 2009 PANDEMIC INFLUENZA VIRUS HEMAGGLUTININ COMPLEXED WITH HUMAN RECEPTOR ANALOGUE LSTC","10.1128/JVI.00545-13 ",3,84.62,"4jtv_oligo2","DNeup5Aca2-6DGalpb1-4DGlcpNAcb1-3DGalpx1-","SIA(4_N_)-GAL(3_N_)-NAG(2_N_)-GAL(1_N_)",99.0862,"","",""
"4JU0","CRYSTAL STRUCTURE OF 2009 PANDEMIC INFLUENZA VIRUS HEMAGGLUTININ MUTANT D225E COMPLEXED WITH HUMAN RECEPTOR ANALOGUE LSTC","10.1128/JVI.00545-13 ",2.91,67.84,"4ju0_oligo6","DNeup5Aca2-6DGalpb1-4DGlcpNAcb1-3DGalpx1-","SIA(4_R_)-GAL(3_R_)-NAG(2_R_)-GAL(1_R_)",88.1205,"","",""
"4JU0","CRYSTAL STRUCTURE OF 2009 PANDEMIC INFLUENZA VIRUS HEMAGGLUTININ MUTANT D225E COMPLEXED WITH HUMAN RECEPTOR ANALOGUE LSTC","10.1128/JVI.00545-13 ",2.91,67.84,"4ju0_oligo4","DNeup5Aca2-6DGalpb1-4DGlcpNAcb1-3DGalpx1-","SIA(4_P_)-GAL(3_P_)-NAG(2_P_)-GAL(1_P_)",94.3431,"","",""
"4JU0","CRYSTAL STRUCTURE OF 2009 PANDEMIC INFLUENZA VIRUS HEMAGGLUTININ MUTANT D225E COMPLEXED WITH HUMAN RECEPTOR ANALOGUE LSTC","10.1128/JVI.00545-13 ",2.91,67.84,"4ju0_oligo5","DNeup5Aca2-6DGalpb1-4DGlcpNAcb1-3DGalpx1-","SIA(4_Q_)-GAL(3_Q_)-NAG(2_Q_)-GAL(1_Q_)",94.166,"","",""
"4JU0","CRYSTAL STRUCTURE OF 2009 PANDEMIC INFLUENZA VIRUS HEMAGGLUTININ MUTANT D225E COMPLEXED WITH HUMAN RECEPTOR ANALOGUE LSTC","10.1128/JVI.00545-13 ",2.91,67.84,"4ju0_oligo1","DNeup5Aca2-6DGalpb1-4DGlcpNAcb1-3DGalpx1-","SIA(4_M_)-GAL(3_M_)-NAG(2_M_)-GAL(1_M_)",70.0235,"","",""
"4JU0","CRYSTAL STRUCTURE OF 2009 PANDEMIC INFLUENZA VIRUS HEMAGGLUTININ MUTANT D225E COMPLEXED WITH HUMAN RECEPTOR ANALOGUE LSTC","10.1128/JVI.00545-13 ",2.91,67.84,"4ju0_oligo2","DNeup5Aca2-6DGalpb1-4DGlcpNAcb1-3DGalpx1-","SIA(4_N_)-GAL(3_N_)-NAG(2_N_)-GAL(1_N_)",71.4751,"","",""
"4JUJ","CRYSTAL STRUCTURE OF 1918 PANDEMIC INFLUENZA VIRUS HEMAGGLUTININ MUTANT D225G COMPLEXED WITH HUMAN RECEPTOR ANALOGUE LSTC","10.1128/JVI.00545-13 ",3.01,69.11,"4juj_oligo4","DNeup5Aca2-6DGalpb1-4DGlcpNAcx1-","SIA(3_J_)-GAL(2_J_)-NAG(1_J_)",98.7788,"","",""
"4JUJ","CRYSTAL STRUCTURE OF 1918 PANDEMIC INFLUENZA VIRUS HEMAGGLUTININ MUTANT D225G COMPLEXED WITH HUMAN RECEPTOR ANALOGUE LSTC","10.1128/JVI.00545-13 ",3.01,69.11,"4juj_oligo2","DNeup5Aca2-6DGalpb1-4DGlcpNAcx1-","SIA(3_H_)-GAL(2_H_)-NAG(1_H_)",90.6489,"","",""
"4JY4","CRYSTAL STRUCTURE OF HUMAN FAB PGT121, A BROADLY REACTIVE AND POTENT HIV-1 NEUTRALIZING ANTIBODY","10.1371/JOURNAL.PPAT.1003342 ",2.8,0,"4jy4_oligo1","DNeup5Aca2-6DGalpb1-4DGlcpNAcb1-2DManpa1-3[DManpa1-6]DManpb1-4DGlcpNAcb1-4[LFucpa1-6]DGlcpNAcb1-ASN","FUC(9_C_)-[MAN(8_C_)-[SIA(7_C_)-GAL(6_C_)-NAG(5_C_)-MAN(4_C_)]-BMA(3_C_)-NAG(2_C_)]-NAG(1_C_)-ASN(103_B_)",73.8247,"","",""
"4K64","STRUCTURE OF AN AVIAN INFLUENZA H5 HEMAGGLUTININ FROM THE INFLUENZA VIRUS COMPLEXED WITH HUMAN RECEPTOR ANALOG LSTC","10.1126/SCIENCE.1236787 ",2.6,68.58,"4k64_oligo2","DNeup5Aca2-6DGalpb1-ROH","SIA(2_J_)-GAL(1_J_)",57.2333,"","",""
"4K64","STRUCTURE OF AN AVIAN INFLUENZA H5 HEMAGGLUTININ FROM THE INFLUENZA VIRUS COMPLEXED WITH HUMAN RECEPTOR ANALOG LSTC","10.1126/SCIENCE.1236787 ",2.6,68.58,"4k64_oligo1","DNeup5Aca2-6DGalpb1-ROH","SIA(2_I_)-GAL(1_I_)",58.0863,"","",""
"4K67","STRUCTURE OF AN AIRBORNE TRANSMISSIBLE AVIAN INFLUENZA H5 HEMAGGLUTININ MUTANT FROM THE INFLUENZA VIRUS A/INDONESIA/5/2005 COMPLEXED WITH HUMAN RECEPTOR ANALOG LSTC","10.1126/SCIENCE.1236787 ",2.7,77.89,"4k67_oligo1","DNeup5Aca2-6DGalpb1-ROH","SIA(2_I_)-GAL(1_I_)",79.1341,"","",""
"4K67","STRUCTURE OF AN AIRBORNE TRANSMISSIBLE AVIAN INFLUENZA H5 HEMAGGLUTININ MUTANT FROM THE INFLUENZA VIRUS A/INDONESIA/5/2005 COMPLEXED WITH HUMAN RECEPTOR ANALOG LSTC","10.1126/SCIENCE.1236787 ",2.7,77.89,"4k67_oligo2","DNeup5Aca2-6DGalpb1-ROH","SIA(2_J_)-GAL(1_J_)",80.1052,"","",""
"4K67","STRUCTURE OF AN AIRBORNE TRANSMISSIBLE AVIAN INFLUENZA H5 HEMAGGLUTININ MUTANT FROM THE INFLUENZA VIRUS A/INDONESIA/5/2005 COMPLEXED WITH HUMAN RECEPTOR ANALOG LSTC","10.1126/SCIENCE.1236787 ",2.7,77.89,"4k67_oligo4","DNeup5Aca2-6DGalpb1-4DGlcpNAcb1-ROH","SIA(3_L_)-GAL(2_L_)-NAG(1_L_)",87.5887,"","",""
"4K67","STRUCTURE OF AN AIRBORNE TRANSMISSIBLE AVIAN INFLUENZA H5 HEMAGGLUTININ MUTANT FROM THE INFLUENZA VIRUS A/INDONESIA/5/2005 COMPLEXED WITH HUMAN RECEPTOR ANALOG LSTC","10.1126/SCIENCE.1236787 ",2.7,77.89,"4k67_oligo3","DNeup5Aca2-6DGalpb1-4DGlcpNAcb1-ROH","SIA(3_K_)-GAL(2_K_)-NAG(1_K_)",92.8059,"","",""
"4KDO","CRYSTAL STRUCTURE OF THE HEMAGGLUTININ OF FERRET-TRANSMISSIBLE H5N1 VIRUS IN COMPLEX WITH HUMAN RECEPTOR ANALOG LSTC","10.1007/S13238-013-3906-Z ",2.4,0,"4kdo_oligo3","DNeup5Aca2-6DGalpb1-4DGlcpNAcb1-ROH","SIA(3_I_)-GAL(2_I_)-NAG(1_I_)",100.262,"","",""
"4KON","THE STRUCTURE OF HEMAGGLUTININ FROM AVIAN-ORIGIN H7N9 INFLUENZA VIRUS IN COMPLEX WITH HUMAN RECEPTOR ANALOG 6'SLNLN (NEUAC&#945;2- 6GAL&#946;1-4GLCNAC&#946;1-3GAL&#946;1-4GLC)","10.1126/SCIENCE.1242917 ",2.6,0,"4kon_oligo4","DNeup5Aca2-6DGalpb1-ROH","SIA(2_C_)-GAL(1_C_)",120.692,"","",""
"4LKK","THE STRUCTURE OF HEMAGGLUTININ L226Q MUTANT (H3 NUMBERING) FROM A AVIAN-ORIGIN H7N9 INFLUENZA VIRUS (A/ANHUI/1/2013) IN COMPLEX WITH HUMAN RECEPTOR ANALOG 6'SLNLN","10.1126/SCIENCE.1242917 ",2.49,75.32,"4lkk_oligo2","DNeup5Aca2-6DGalpb1-ROH","SIA(2_C_)-GAL(1_C_)",109.54,"","",""
"4LN8","THE CRYSTAL STRUCTURE OF HEMAGGLUTININ FROM A H7N9 INFLUENZA VIRUS (A/SHANGHAI/2/2013) IN COMPLEX WITH LSTB","10.1128/JVI.01854-13 ",2.5,62.63,"4ln8_oligo3","DGalpb1-3[DNeup5Aca2-6]DGlcpNAcb1-3DGalpb1-ROH","SIA(4_O_)-[GAL(3_O_)]-NAG(2_O_)-GAL(1_O_)",118.689,"","",""
"4LN8","THE CRYSTAL STRUCTURE OF HEMAGGLUTININ FROM A H7N9 INFLUENZA VIRUS (A/SHANGHAI/2/2013) IN COMPLEX WITH LSTB","10.1128/JVI.01854-13 ",2.5,62.63,"4ln8_oligo13","DGalpb1-3[DNeup5Aca2-6]DGlcpNAcx1-","SIA(3_Y_)-[GAL(2_Y_)]-NAG(1_Y_)",103.33,"","",""
"4LN8","THE CRYSTAL STRUCTURE OF HEMAGGLUTININ FROM A H7N9 INFLUENZA VIRUS (A/SHANGHAI/2/2013) IN COMPLEX WITH LSTB","10.1128/JVI.01854-13 ",2.5,62.63,"4ln8_oligo15","DGalpb1-3[DNeup5Aca2-6]DGlcpNAcb1-3DGalpb1-ROH","SIA(4_a_)-[GAL(3_a_)]-NAG(2_a_)-GAL(1_a_)",109.057,"","",""
"4LN8","THE CRYSTAL STRUCTURE OF HEMAGGLUTININ FROM A H7N9 INFLUENZA VIRUS (A/SHANGHAI/2/2013) IN COMPLEX WITH LSTB","10.1128/JVI.01854-13 ",2.5,62.63,"4ln8_oligo6","DGalpb1-3[DNeup5Aca2-6]DGlcpNAcx1-","SIA(3_R_)-[GAL(2_R_)]-NAG(1_R_)",115.757,"","",""
"4LN8","THE CRYSTAL STRUCTURE OF HEMAGGLUTININ FROM A H7N9 INFLUENZA VIRUS (A/SHANGHAI/2/2013) IN COMPLEX WITH LSTB","10.1128/JVI.01854-13 ",2.5,62.63,"4ln8_oligo11","DGalpb1-3[DNeup5Aca2-6]DGlcpNAcb1-3DGalpb1-ROH","SIA(4_W_)-[GAL(3_W_)]-NAG(2_W_)-GAL(1_W_)",112.876,"","",""
"4LO6","HA70-ALPHA2,6-SIALC","10.1371/JOURNAL.PPAT.1003690 ",2.3,0,"4lo6_oligo1","DNeup5Aca2-6DGalpx1-","SIA(2_C_)-GAL(1_C_)",85.1289,"","",""
"4N60","CRYSTAL STRUCTURE OF HEMAGGLUTININ FROM AN H7N9 INFLUENZA VIRUS IN COMPLEX WITH LSTC","10.1126/SCIENCE.1243761 ",2.9,119.5,"4n60_oligo3","DNeup5Aca2-6DGalpx1-","SIA(2_G_)-GAL(1_G_)",178.203,"","",""
"4N60","CRYSTAL STRUCTURE OF HEMAGGLUTININ FROM AN H7N9 INFLUENZA VIRUS IN COMPLEX WITH LSTC","10.1126/SCIENCE.1243761 ",2.9,119.5,"4n60_oligo2","DNeup5Aca2-6DGalpx1-","SIA(2_F_)-GAL(1_F_)",139.963,"","",""
"4NRK","STRUCTURE OF HEMAGGLUTININ WITH F95Y MUTATION OF INFLUENZA VIRUS B/LEE/40 COMPLEX WITH LSTC","10.1016/J.VIROL.2013.11.038 ",2.63,0,"4nrk_oligo10","DNeup5Aca2-6DGalpb1-4DGlcpNAcx1-","SIA(3_P_)-GAL(2_P_)-NAG(1_P_)",82.5907,"","",""
"4NRK","STRUCTURE OF HEMAGGLUTININ WITH F95Y MUTATION OF INFLUENZA VIRUS B/LEE/40 COMPLEX WITH LSTC","10.1016/J.VIROL.2013.11.038 ",2.63,0,"4nrk_oligo6","DNeup5Aca2-6DGalpb1-4DGlcpNAcx1-","SIA(3_K_)-GAL(2_K_)-NAG(1_K_)",61.272,"","",""
"4NRK","STRUCTURE OF HEMAGGLUTININ WITH F95Y MUTATION OF INFLUENZA VIRUS B/LEE/40 COMPLEX WITH LSTC","10.1016/J.VIROL.2013.11.038 ",2.63,0,"4nrk_oligo16","DNeup5Aca2-6DGalpb1-4DGlcpNAcx1-","SIA(3_V_)-GAL(2_V_)-NAG(1_V_)",62.5576,"","",""
"4Q6Y","CRYSTAL STRUCTURE OF A CHEMOENZYMATIC GLYCOENGINEERED DISIALYLATED FC (DI-SFC)","10.1016/J.JMB.2014.07.006 ",3,0,"4q6y_oligo3","DNeup5Aca2-6DGalpb1-4DGlcpNAcb1-2DManpa1-6DManpb1-4DGlcpNAcb1-4DGlcpNAcx1-","SIA(7_F_)-GAL(6_F_)-NAG(5_F_)-MAN(4_F_)-BMA(3_F_)-NAG(2_F_)-NAG(1_F_)",63.3129,"","",""
"4QN5","NEURAMINIDASE N5 BINDS LSTA AT THE SECOND SIA BINDING SITE","10.1128/JVI.00805-14 ",1.7,15.93,"4qn5_oligo1","DNeup5Aca2-6DGalpb1-ROH","SIA(2_C_)-GAL(1_C_)",48.2815,"","",""
"4QN5","NEURAMINIDASE N5 BINDS LSTA AT THE SECOND SIA BINDING SITE","10.1128/JVI.00805-14 ",1.7,15.93,"4qn5_oligo3","DNeup5Aca2-6DGalpb1-ROH","SIA(2_E_)-GAL(1_E_)",46.9299,"","",""
"4U61","TRICHODYSPLASIA SPINULOSA-ASSOCIATED POLYOMAVIRUS (TSPYV) VP1 IN COMPLEX WITH 6'-SIALYLLACTOSE","10.1371/JOURNAL.PPAT.1005112 ",1.65,23.64,"4u61_oligo1","DNeup5Aca2-6DGalpb1-ROH","SIA(2_K_)-GAL(1_K_)",33.1996,"","",""
"4X13","JC POLYOMAVIRUS GENOTYPE 3 VP1 IN COMPLEX WITH LSTC PENTASACCHARIDE","10.1128/JVI.00489-15 ",2,18.34,"4x13_oligo1","DNeup5Aca2-6DGalpb1-4DGlcpNAcb1-3DGalpb1-4DGlcpb1-ROH","SIA(5_F_)-GAL(4_F_)-NAG(3_F_)-GAL(2_F_)-BGC(1_F_)",31.3302,"","",""
"4X13","JC POLYOMAVIRUS GENOTYPE 3 VP1 IN COMPLEX WITH LSTC PENTASACCHARIDE","10.1128/JVI.00489-15 ",2,18.34,"4x13_oligo3","DNeup5Aca2-6DGalpb1-4DGlcpNAcb1-3DGalpb1-ROH","SIA(4_H_)-GAL(3_H_)-NAG(2_H_)-GAL(1_H_)",30.5449,"","",""
"4X13","JC POLYOMAVIRUS GENOTYPE 3 VP1 IN COMPLEX WITH LSTC PENTASACCHARIDE","10.1128/JVI.00489-15 ",2,18.34,"4x13_oligo2","DNeup5Aca2-6DGalpb1-4DGlcpNAcb1-3DGalpb1-4DGlcpb1-ROH","SIA(5_G_)-GAL(4_G_)-NAG(3_G_)-GAL(2_G_)-BGC(1_G_)",28.8074,"","",""
"4XKG","CRYSTAL STRUCTURE OF HEMAGGLUTININ FROM TAIWAN (2013) H6N1 INFLUENZA VIRUS IN COMPLEX WITH 6'-SLN","10.1016/J.CHOM.2015.02.005 ",2.25,40.47,"4xkg_oligo3","DNeup5Aca2-6DGalpb1-ROH","SIA(403_A_)-GAL(404_A_)",74.413,"","",""
"4XQO","CRYSTAL STRUCTURE OF HEMAGGLUTININ FROM JIANGXI-DONGHU (2013) H10N8 INFLUENZA VIRUS IN COMPLEX WITH 6'-SLN","10.1016/J.CHOM.2015.02.006 ",2.85,68.59,"4xqo_oligo2","DNeup5Aca2-6DGalpb1-4DGlcpNAcb1-ROH","SIA(3_H_)-GAL(2_H_)-NAG(1_H_)",88.4983,"","",""
"4XQO","CRYSTAL STRUCTURE OF HEMAGGLUTININ FROM JIANGXI-DONGHU (2013) H10N8 INFLUENZA VIRUS IN COMPLEX WITH 6'-SLN","10.1016/J.CHOM.2015.02.006 ",2.85,68.59,"4xqo_oligo3","DNeup5Aca2-6DGalpb1-ROH","SIA(2_I_)-GAL(1_I_)",78.4231,"","",""
"4YW2","CRYSTAL STRUCTURE OF STREPTOCOCCUS PNEUMONIAE NANC, COMPLEX 6'SL","10.1074/JBC.M115.673632 ",2,23.03,"4yw2_oligo2","DNeup5Aca2-6DGalpb1-ROH","SIA(2_D_)-GAL(1_D_)",41.2341,"","",""
"4YW2","CRYSTAL STRUCTURE OF STREPTOCOCCUS PNEUMONIAE NANC, COMPLEX 6'SL","10.1074/JBC.M115.673632 ",2,23.03,"4yw2_oligo1","DNeup5Aca2-6DGalpb1-ROH","SIA(2_C_)-GAL(1_C_)",37.0896,"","",""
"4YY1","THE STRUCTURE OF HEMAGGLUTININ FROM A H6N1 INFLUENZA VIRUS (A/CHICKEN/TAIWAN/A2837/2013) IN COMPLEX WITH HUMAN RECEPTOR ANALOG 6'SLNLN","",3.1,0,"4yy1_oligo4","DNeup5Aca2-6DGalpb1-ROH","SIA(2_H_)-GAL(1_H_)",120.481,"","",""
"4YY1","THE STRUCTURE OF HEMAGGLUTININ FROM A H6N1 INFLUENZA VIRUS (A/CHICKEN/TAIWAN/A2837/2013) IN COMPLEX WITH HUMAN RECEPTOR ANALOG 6'SLNLN","",3.1,0,"4yy1_oligo1","DNeup5Aca2-6DGalpb1-ROH","SIA(2_F_)-GAL(1_F_)",115.231,"","",""
"4YYB","THE STRUCTURE OF HEMAGGLUTININ FROM A H6N1 INFLUENZA VIRUS (A/TAIWAN/2/2013) IN COMPLEX WITH HUMAN RECEPTOR ANALOG 6'SLNLN","",2.61,0,"4yyb_oligo2","DNeup5Aca2-6DGalpb1-ROH","SIA(2_C_)-GAL(1_C_)",123.542,"","",""
"5BNN","CRYSTAL STRUCTURE OF HUMAN ENTEROVIRUS D68 IN COMPLEX WITH 6'SL","10.1038/NCOMMS9865 ",2.32,19.3,"5bnn_oligo1","DNeup5Aca2-6DGalpb1-4DGlcpb1-ROH","SIA(3_E_)-GAL(2_E_)-BGC(1_E_)",55.2617,"","",""
"5BNO","CRYSTAL STRUCTURE OF HUMAN ENTEROVIRUS D68 IN COMPLEX WITH 6'SLN","10.1038/NCOMMS9865 ",2.15,25.1,"5bno_oligo1","DNeup5Aca2-6DGalpb1-4DGlcpNAcb1-ROH","SIA(3_E_)-GAL(2_E_)-NAG(1_E_)",72.7502,"","",""
"5BQZ","CRYSTAL STRUCTURE OF HEMAGGLUTININ OF A/CHICKEN/GUANGDONG/S1311/2010 (H6N6) IN COMPLEX WITH HUMAN-LIKE RECEPTOR LSTC","10.1371/JOURNAL.PONE.0134576 ",2.89,43.25,"5bqz_oligo3","DNeup5Aca2-6DGalpx1-","SIA(2_I_)-GAL(1_I_)",60.4145,"","",""
"5BR6","CRYSTAL STRUCTURE OF HEMAGGLUTININ OF A/TAIWAN/2/2013 (H6N1) IN COMPLEX WITH LSTC","10.1371/JOURNAL.PONE.0134576 ",2.43,37.54,"5br6_oligo3","DNeup5Aca2-6DGalpb1-4DGlcpNAcx1-","SIA(3_G_)-GAL(2_G_)-NAG(1_G_)",85.7029,"","",""
"5BR6","CRYSTAL STRUCTURE OF HEMAGGLUTININ OF A/TAIWAN/2/2013 (H6N1) IN COMPLEX WITH LSTC","10.1371/JOURNAL.PONE.0134576 ",2.43,37.54,"5br6_oligo1","DNeup5Aca2-6DGalpb1-4DGlcpNAcx1-","SIA(3_E_)-GAL(2_E_)-NAG(1_E_)",85.4308,"","",""
"5E30","CRYSTAL STRUCTURE OF H5 HEMAGGLUTININ Q226L MUTANT FROM THE INFLUENZA VIRUS A/DUCK/EGYPT/10185SS/2010 (H5N1) WITH LSTC","10.1016/J.CELREP.2015.10.027 ",2.7,0,"5e30_oligo2","DNeup5Aca2-6DGalpb1-4DGlcpNAcb1-3DGalpb1-ROH","SIA(4_H_)-GAL(3_H_)-NAG(2_H_)-GAL(1_H_)",71.7209,"","",""
"5E30","CRYSTAL STRUCTURE OF H5 HEMAGGLUTININ Q226L MUTANT FROM THE INFLUENZA VIRUS A/DUCK/EGYPT/10185SS/2010 (H5N1) WITH LSTC","10.1016/J.CELREP.2015.10.027 ",2.7,0,"5e30_oligo6","DNeup5Aca2-6DGalpb1-4DGlcpNAcb1-3DGalpb1-ROH","SIA(4_L_)-GAL(3_L_)-NAG(2_L_)-GAL(1_L_)",54.3092,"","",""
"5E30","CRYSTAL STRUCTURE OF H5 HEMAGGLUTININ Q226L MUTANT FROM THE INFLUENZA VIRUS A/DUCK/EGYPT/10185SS/2010 (H5N1) WITH LSTC","10.1016/J.CELREP.2015.10.027 ",2.7,0,"5e30_oligo4","DNeup5Aca2-6DGalpb1-4DGlcpNAcb1-3DGalpb1-ROH","SIA(4_J_)-GAL(3_J_)-NAG(2_J_)-GAL(1_J_)",40.7524,"","",""
"5E35","CRYSTAL STRUCTURE OF H5 HEMAGGLUTININ MUTANT (N224K, Q226L, N158D AND L133A DELETION) FROM THE INFLUENZA VIRUS A/CHICKEN/VIETNAM/NCVD- 093/2008 (H5N1) WITH LSTC","10.1016/J.CELREP.2015.10.027 ",2.7,0,"5e35_oligo2","DNeup5Aca2-6DGalpb1-4DGlcpNAcb1-ROH","SIA(3_C_)-GAL(2_C_)-NAG(1_C_)",78.5007,"","",""
"5E8E","CRYSTAL STRUCTURE OF THROMBIN BOUND TO AN EXOSITE 1-SPECIFIC IGA FAB","10.1111/JTH.13171 ",1.9,35.11,"5e8e_oligo4","DNeup5Aca2-6DGalpb1-4DGlcpNAcb1-2DManpa1-6DManpb1-4DGlcpNAcb1-4DGlcpNAcb1-ASN","SIA(7_D_)-GAL(6_D_)-NAG(5_D_)-MAN(4_D_)-BMA(3_D_)-NAG(2_D_)-NAG(1_D_)-ASN(373_H_)",72.9396,"","",""
"5FRA","CBM40_CPF0721-6'SL","10.1042/BCJ20160340 ",2,28.57,"5fra_oligo1","DNeup5Aca2-6DGalpb1-ROH","SIA(2_G_)-GAL(1_G_)",26.7423,"","",""
"5FRA","CBM40_CPF0721-6'SL","10.1042/BCJ20160340 ",2,28.57,"5fra_oligo2","DNeup5Aca2-6DGalpb1-ROH","SIA(2_H_)-GAL(1_H_)",43.6633,"","",""
"5FRA","CBM40_CPF0721-6'SL","10.1042/BCJ20160340 ",2,28.57,"5fra_oligo3","DNeup5Aca2-6DGalpb1-ROH","SIA(2_I_)-GAL(1_I_)",41.1121,"","",""
"5FVN","X-RAY CRYSTAL STRUCTURE OF ENTEROBACTER CLOACAE OMPE36 PORIN.","10.1073/PNAS.1602382113 ",1.45,18.21,"5fvn_oligo13","DKdopa2-6DGlcp[2<R1>,3<R2>,4P]b1-6DGlcp[2<R3>,3<R4>]a1-O4P1","KDO(3_L_)-Z9M(2_L_)-GP1(1_L_)",26.4457,"","",""
"5FVN","X-RAY CRYSTAL STRUCTURE OF ENTEROBACTER CLOACAE OMPE36 PORIN.","10.1073/PNAS.1602382113 ",1.45,18.21,"5fvn_oligo15","GMH1-5[DKdopa2-4]DKdopa2-6DGlcp[2<R1>,3<R2>,4P]b1-6DGlcp[2<R3>,3<R4>]a1-O4P1","GMH(5_N_)-[KDO(4_N_)]-KDO(3_N_)-Z9M(2_N_)-GP1(1_N_)",24.0577,"","",""
"5FVN","X-RAY CRYSTAL STRUCTURE OF ENTEROBACTER CLOACAE OMPE36 PORIN.","10.1073/PNAS.1602382113 ",1.45,18.21,"5fvn_oligo8","DKdopa2-6DGlcp[2<R1>,3<R2>,4P]b1-6DGlcp[2<R3>,3<R4>]a1-O4P1","KDO(3_O_)-Z9M(2_O_)-GP1(1_O_)",19.9806,"","",""
"5FVN","X-RAY CRYSTAL STRUCTURE OF ENTEROBACTER CLOACAE OMPE36 PORIN.","10.1073/PNAS.1602382113 ",1.45,18.21,"5fvn_oligo14","DKdopa2-6DGlcp[2<R1>,3<R2>,4P]b1-6DGlcp[2<R3>,3<R4>]a1-O4P1","KDO(3_M_)-Z9M(2_M_)-GP1(1_M_)",25.3571,"","",""
"5FVN","X-RAY CRYSTAL STRUCTURE OF ENTEROBACTER CLOACAE OMPE36 PORIN.","10.1073/PNAS.1602382113 ",1.45,18.21,"5fvn_oligo1","GMH1-5DKdopa2-6DGlcp[2<R1>,3<R2>,4P]b1-6DGlcp[2<R3>,3<R4>]a1-O4P1","GMH(5_H_)-KDO(3_H_)-Z9M(2_H_)-GP1(1_H_)",27.5366,"","",""
"5FVN","X-RAY CRYSTAL STRUCTURE OF ENTEROBACTER CLOACAE OMPE36 PORIN.","10.1073/PNAS.1602382113 ",1.45,18.21,"5fvn_oligo11","DKdopa2-6DGlcp[2<R1>,3<R2>,4P]b1-6DGlcp[2<R3>,3<R4>]a1-O4P1","KDO(3_G_)-Z9M(2_G_)-GP1(1_G_)",26.7514,"","",""
"5FVN","X-RAY CRYSTAL STRUCTURE OF ENTEROBACTER CLOACAE OMPE36 PORIN.","10.1073/PNAS.1602382113 ",1.45,18.21,"5fvn_oligo3","DKdopa2-4DKdopa2-6DGlcp[2<R1>,3<R2>,4P]b1-6DGlcp[2<R3>,3<R4>]a1-O4P1","KDO(4_J_)-KDO(3_J_)-Z9M(2_J_)-GP1(1_J_)",19.7538,"","",""
"5FVN","X-RAY CRYSTAL STRUCTURE OF ENTEROBACTER CLOACAE OMPE36 PORIN.","10.1073/PNAS.1602382113 ",1.45,18.21,"5fvn_oligo2","GMH1-5DKdopa2-6DGlcp[2<R1>,3<R2>,4P]b1-6DGlcp[2<R3>,3<R4>]a1-O4P1","GMH(5_I_)-KDO(3_I_)-Z9M(2_I_)-GP1(1_I_)",27.391,"","",""
"5GSQ","CRYSTAL STRUCTURE OF IGG FC WITH A HOMOGENEOUS GLYCOFORM AND ANTIBODY- DEPENDENT CELLULAR CYTOTOXICITY","10.1021/ACSCHEMBIO.7B00140 ",1.85,28.21,"5gsq_oligo3","DNeup5Aca2-6DGalpb1-4DGlcpNAcb1-2DManpa1-6[DManpa1-3]DManpb1-4DGlcpNAcb1-4DGlcpNAcb1-ASN","SIA(7_G_)-GAL(6_G_)-NAG(5_G_)-MAN(4_G_)-[MAN(8_G_)]-BMA(3_G_)-NAG(2_G_)-NAG(1_G_)-ASN(297_C_)",33.4821,"","",""
"5J0B","STRUCTURE OF THE IMMUNE RECEPTOR CD33 IN COMPLEX WITH 6'-SIALYLLACTOSE","",2.48,79.79,"5j0b_oligo3","DNeup5Aca2-6DGalpb1-ROH","SIA(2_F_)-GAL(1_F_)",149.753,"","",""
"5J0B","STRUCTURE OF THE IMMUNE RECEPTOR CD33 IN COMPLEX WITH 6'-SIALYLLACTOSE","",2.48,79.79,"5j0b_oligo1","DNeup5Aca2-6DGalpb1-ROH","SIA(2_E_)-GAL(1_E_)",178.602,"","",""
"5KDS","ZMPB METALLOPEPTIDASE IN COMPLEX WITH AN O-GLYCOPEPTIDE (A2,6- SIALYLATED CORE-3 PENTAPEPTIDE).","10.1073/PNAS.1615141114 ",1.6,22.98,"5kds_oligo1","DGlcpNAcb1-3[DNeup5Aca2-6]DGalpNAca1-THR","SIA(3_B_)-[NAG(2_B_)]-A2G(1_B_)-THR(4_G_)",29.4729,"","",""
"5KDU","ZMPB METALLOPEPTIDASE IN COMPLEX WITH A2,6-SIALYL T-ANTIGEN","10.1073/PNAS.1615141114 ",2,33.11,"5kdu_oligo1","DGalpb1-3[DNeup5Aca2-6]DGalpNAca1-SER","SIA(3_B_)-[GAL(2_B_)]-A2G(1_B_)-SER(1114_A_)",50.0362,"","",""
"5NUR","STRUCTURAL BASIS FOR MAINTENANCE OF BACTERIAL OUTER MEMBRANE LIPID ASYMMETRY","10.1038/S41564-017-0046-X ",3.29,0,"5nur_oligo1","KKdoDKdopa2-6DGlcpN[4P]b1-6DAllpNa1-O4P1","GP1(1_H_)-Z9M(2_H_)-KDO(3_H_)-KDO(4_H_)",160.378,"","",""
"5NUR","STRUCTURAL BASIS FOR MAINTENANCE OF BACTERIAL OUTER MEMBRANE LIPID ASYMMETRY","10.1038/S41564-017-0046-X ",3.29,0,"5nur_oligo3","DKdopa2-4DKdopa2-6DGlcpN[4P]b1-6DAllpNa1-O4P1","KDO(4_G_)-KDO(3_G_)-Z9M(2_G_)-GP1(1_G_)",212.167,"","",""
"5T0B","CRYSTAL STRUCTURE OF H6 HEMAGGLUTININ G225D MUTANT FROM TAIWAN (2013) H6N1 INFLUENZA VIRUS IN COMPLEX WITH 6'-SLN","10.15252/EMMM.201707726 ",2,0,"5t0b_oligo1","DNeup5Aca2-6DGalpb1-4DGlcpNAcb1-ROH","SIA(3_G_)-GAL(2_G_)-NAG(1_G_)",74.574,"","",""
"5T3X","3.9 ANGSTROM CRYSTAL STRUCTURE OF A FULLY AND NATIVELY GLYCOSYLATED BG505 SOSIP.664 HIV-1 ENV TRIMER IN COMPLEX WITH THE BROADLY NEUTRALIZING ANTIBODIES IOMA AND 10-1074.","10.1038/NSMB.3291 ",3.9,0,"5t3x_oligo15","DNeup5Aca2-6DGalpb1-4DGlcpNAcb1-2[DGlcpNAcb1-4]DManpa1-3[DNeup5Aca2-6DGalpb1-4DGlcpNAcb1-2[DGalpb1-4DGlcpNAcb1-4]DManpa1-6][DGlcpNAcb1-4]DManpb1-4DGlcpNAcb1-4[LFucpa1-6]DGlcpNAcb1-ASN","FUC(16_P_)-[GAL(14_P_)-NAG(13_P_)-[SIA(12_P_)-GAL(11_P_)-NAG(10_P_)]-MAN(9_P_)-[NAG(15_P_)]-[NAG(8_P_)-[SIA(7_P_)-GAL(6_P_)-NAG(5_P_)]-MAN(4_P_)]-BMA(3_P_)-NAG(2_P_)]-NAG(1_P_)-ASN(276_G_)",374.56,"","",""
"5T3X","3.9 ANGSTROM CRYSTAL STRUCTURE OF A FULLY AND NATIVELY GLYCOSYLATED BG505 SOSIP.664 HIV-1 ENV TRIMER IN COMPLEX WITH THE BROADLY NEUTRALIZING ANTIBODIES IOMA AND 10-1074.","10.1038/NSMB.3291 ",3.9,0,"5t3x_oligo12","DNeup5Aca2-6DGalpb1-4DGlcpNAcb1-2DManpa1-3[DGlcpNAcb1-2DManpa1-6]DManpb1-4DGlcpNAcb1-4DGlcpNAcb1-ASN","NAG(9_M_)-MAN(8_M_)-[SIA(7_M_)-GAL(6_M_)-NAG(5_M_)-MAN(4_M_)]-BMA(3_M_)-NAG(2_M_)-NAG(1_M_)-ASN(197_G_)",304.839,"","",""
"5TGU","CRYSTAL STRUCTURE OF H10 HEMAGGLUTININ MUTANT (K158AA-D193T-Q226L- G228S) FROM JIANGXI-DONGHU (2013) H10N8 INFLUENZA VIRUS IN COMPLEX WITH 6'-SLNLN","10.1016/J.CELREP.2017.03.054 ",2.35,0,"5tgu_oligo2","DNeup5Aca2-6DGalpb1-4DGlcpNAcb1-ROH","SIA(3_G_)-GAL(2_G_)-NAG(1_G_)",79.8967,"","",""
"5TGU","CRYSTAL STRUCTURE OF H10 HEMAGGLUTININ MUTANT (K158AA-D193T-Q226L- G228S) FROM JIANGXI-DONGHU (2013) H10N8 INFLUENZA VIRUS IN COMPLEX WITH 6'-SLNLN","10.1016/J.CELREP.2017.03.054 ",2.35,0,"5tgu_oligo3","DNeup5Aca2-6DGalpb1-4DGlcpNAcb1-ROH","SIA(3_I_)-GAL(2_I_)-NAG(1_I_)",79.5614,"","",""
"5TH1","CRYSTAL STRUCTURE OF H10 HEMAGGLUTININ MUTANT (K158AA-Q226L-G228S) FROM JIANGXI-DONGHU (2013) H10N8 INFLUENZA VIRUS IN COMPLEX WITH 6'- SLNLN","10.1016/J.CELREP.2017.03.054 ",2.19,0,"5th1_oligo4","DNeup5Aca2-6DGalpb1-4DGlcpNAcb1-ROH","SIA(3_J_)-GAL(2_J_)-NAG(1_J_)",61.0055,"","",""
"5TH1","CRYSTAL STRUCTURE OF H10 HEMAGGLUTININ MUTANT (K158AA-Q226L-G228S) FROM JIANGXI-DONGHU (2013) H10N8 INFLUENZA VIRUS IN COMPLEX WITH 6'- SLNLN","10.1016/J.CELREP.2017.03.054 ",2.19,0,"5th1_oligo1","DNeup5Aca2-6DGalpb1-ROH","SIA(2_G_)-GAL(1_G_)",56.5729,"","",""
"5TH1","CRYSTAL STRUCTURE OF H10 HEMAGGLUTININ MUTANT (K158AA-Q226L-G228S) FROM JIANGXI-DONGHU (2013) H10N8 INFLUENZA VIRUS IN COMPLEX WITH 6'- SLNLN","10.1016/J.CELREP.2017.03.054 ",2.19,0,"5th1_oligo2","DNeup5Aca2-6DGalpb1-4DGlcpNAcb1-ROH","SIA(3_H_)-GAL(2_H_)-NAG(1_H_)",60.1362,"","",""
"5THC","CRYSTAL STRUCTURE OF H10 HEMAGGLUTININ MUTANT (T193D-Q226L-G228S) FROM JIANGXI-DONGHU (2013) H10N8 INFLUENZA VIRUS IN COMPLEX WITH 6'-SLNLN","10.1016/J.CELREP.2017.03.054 ",2.79,0,"5thc_oligo2","DNeup5Aca2-6DGalpb1-4DGlcpNAcb1-ROH","SIA(3_H_)-GAL(2_H_)-NAG(1_H_)",77.0272,"","",""
"5TV4","3D CRYO-EM RECONSTRUCTION OF NUCLEOTIDE-FREE MSBA IN LIPID NANODISC","10.1038/NATURE23649 ",4.2,0,"5tv4_oligo1","GMH1-7GMH1-3GMH1-5[DKdopa2-4]DKdopa2-6DGlcp[2<R1>,3<R2>,4P]b1-6DGlcp[2<R3>,3<R4>]a1-O4P1","GMH(6_C_)-GMH(5_C_)-GMH(4_C_)-[KDO(7_C_)]-KDO(3_C_)-PA1(2_C_)-PA1(1_C_)",20,"","",""
"5VKM","CRYSTAL STRUCTURE OF HUMAN CD22 IG DOMAINS 1-3 IN COMPLEX WITH ALPHA 2-6 SIALYLLACTOSE","10.1038/S41467-017-00836-6 ",2.2,0,"5vkm_oligo2","DNeup5Aca2-6DGalpb1-ROH","SIA(2_C_)-GAL(1_C_)",62.6354,"","",""
"5VMC","INFLUENZA HEMAGGLUTININ H1 MUTANT DH1 IN COMPLEX WITH 6'SLN","10.1016/J.VIROL.2017.10.010 ",2.15,0,"5vmc_oligo2","DNeup5Aca2-6DGalpb1-4DGlcpNAcb1-ROH","SIA(3_H_)-GAL(2_H_)-NAG(1_H_)",35.7851,"","",""
"5VMC","INFLUENZA HEMAGGLUTININ H1 MUTANT DH1 IN COMPLEX WITH 6'SLN","10.1016/J.VIROL.2017.10.010 ",2.15,0,"5vmc_oligo4","DNeup5Aca2-6DGalpb1-4DGlcpNAcb1-ROH","SIA(3_J_)-GAL(2_J_)-NAG(1_J_)",37.7783,"","",""
"5VMC","INFLUENZA HEMAGGLUTININ H1 MUTANT DH1 IN COMPLEX WITH 6'SLN","10.1016/J.VIROL.2017.10.010 ",2.15,0,"5vmc_oligo6","DNeup5Aca2-6DGalpb1-4DGlcpNAcb1-ROH","SIA(3_L_)-GAL(2_L_)-NAG(1_L_)",28.0586,"","",""
"5VMF","INFLUENZA HEMAGGLUTININ H1 MUTANT DH1D IN COMPLEX WITH 6'SLN","10.1016/J.VIROL.2017.10.010 ",2.35,0,"5vmf_oligo3","DNeup5Aca2-6DGalpb1-4DGlcpNAcb1-ROH","SIA(3_I_)-GAL(2_I_)-NAG(1_I_)",42.6809,"","",""
"5VMF","INFLUENZA HEMAGGLUTININ H1 MUTANT DH1D IN COMPLEX WITH 6'SLN","10.1016/J.VIROL.2017.10.010 ",2.35,0,"5vmf_oligo5","DNeup5Aca2-6DGalpb1-4DGlcpNAcb1-ROH","SIA(3_K_)-GAL(2_K_)-NAG(1_K_)",35.9921,"","",""
"5VMF","INFLUENZA HEMAGGLUTININ H1 MUTANT DH1D IN COMPLEX WITH 6'SLN","10.1016/J.VIROL.2017.10.010 ",2.35,0,"5vmf_oligo2","DNeup5Aca2-6DGalpb1-4DGlcpNAcb1-ROH","SIA(3_H_)-GAL(2_H_)-NAG(1_H_)",46.4935,"","",""
"5VMG","INFLUENZA HEMAGGLUTININ H1 MUTANT DH1E IN COMPLEX WITH 6'SLN","10.1016/J.VIROL.2017.10.010 ",2.45,0,"5vmg_oligo2","DNeup5Aca2-6DGalpx1-","SIA(2_H_)-GAL(1_H_)",48.2866,"","",""
"5VMG","INFLUENZA HEMAGGLUTININ H1 MUTANT DH1E IN COMPLEX WITH 6'SLN","10.1016/J.VIROL.2017.10.010 ",2.45,0,"5vmg_oligo3","DNeup5Aca2-6DGalpx1-","SIA(2_I_)-GAL(1_I_)",51.2443,"","",""
"5VMG","INFLUENZA HEMAGGLUTININ H1 MUTANT DH1E IN COMPLEX WITH 6'SLN","10.1016/J.VIROL.2017.10.010 ",2.45,0,"5vmg_oligo5","DNeup5Aca2-6DGalpb1-4DGlcpNAcb1-ROH","SIA(3_K_)-GAL(2_K_)-NAG(1_K_)",46.8247,"","",""
"5VTR","CRYSTAL STRUCTURE OF THE A/HONG KONG/1/1968 (H3N2) INFLUENZA VIRUS HEMAGGLUTININ G225L/L226S MUTANT IN COMPLEX WITH 6'-SLN","10.1016/J.CHOM.2017.05.011 ",2.5,58.27,"5vtr_oligo3","DNeup5Aca2-6DGalpb1-4DGlcpNAcb1-ROH","SIA(3_I_)-GAL(2_I_)-NAG(1_I_)",125.965,"","",""
"5VTW","CRYSTAL STRUCTURE OF THE A/HONG KONG/1/1968 (H3N2) INFLUENZA VIRUS HEMAGGLUTININ G225M/L226T/S228A MUTANT IN COMPLEX WITH 6'-SLN","10.1016/J.CHOM.2017.05.011 ",2.35,48.52,"5vtw_oligo6","DNeup5Aca2-6DGalpb1-ROH","SIA(2_L_)-GAL(1_L_)",87.3365,"","",""
"5VTW","CRYSTAL STRUCTURE OF THE A/HONG KONG/1/1968 (H3N2) INFLUENZA VIRUS HEMAGGLUTININ G225M/L226T/S228A MUTANT IN COMPLEX WITH 6'-SLN","10.1016/J.CHOM.2017.05.011 ",2.35,48.52,"5vtw_oligo8","DNeup5Aca2-6DGalpb1-ROH","SIA(2_N_)-GAL(1_N_)",69.342,"","",""
"5VU4","CRYSTAL STRUCTURE OF THE A/HONG KONG/1/1968 (H3N2) INFLUENZA VIRUS HEMAGGLUTININ G225Q/L226A MUTANT IN COMPLEX WITH 6'-SLN","10.1016/J.CHOM.2017.05.011 ",2.25,55.45,"5vu4_oligo3","DNeup5Aca2-6DGalpb1-ROH","SIA(2_I_)-GAL(1_I_)",77.3954,"","",""
"5W7B","RABBIT ACYLOXYACYL HYDROLASE (AOAH), PROTEOLYTICALLY PROCESSED, S262A MUTANT, WITH LPS","10.1073/PNAS.1719834115 ",1.9,0,"5w7b_oligo7","DKdopa2-6DGlcp[2<R1>,4P]b1-6DGlcp[2<R2>,3<R3>]a1-O4P1","KDO(3_F_)-GCS(2_F_)-PA1(1_F_)-PO4(626_C_)",58.899,"","",""
"5W7B","RABBIT ACYLOXYACYL HYDROLASE (AOAH), PROTEOLYTICALLY PROCESSED, S262A MUTANT, WITH LPS","10.1073/PNAS.1719834115 ",1.9,0,"5w7b_oligo3","DKdopa2-6DGlcp[2<R1>,4P]b1-6DGlcp[2<R2>,3<R3>]a1-O4P1","KDO(3_J_)-GCS(2_J_)-PA1(1_J_)-PO4(620_D_)",71.4153,"","",""
"5XL7","THE STRUCTURE OF HEMAGGLUTININ Q226L MUTANT FROM AN AVIAN-ORIGIN H4N6 INFLUENZA VIRUS IN COMPLEX WITH HUMAN RECEPTOR ANALOG LSTC","10.1016/J.CELREP.2017.07.028 ",2.1,0,"5xl7_oligo2","DNeup5Aca2-6DGalpb1-4DGlcpNAcb1-ROH","SIA(3_F_)-GAL(2_F_)-NAG(1_F_)",115.538,"","",""
"5XL7","THE STRUCTURE OF HEMAGGLUTININ Q226L MUTANT FROM AN AVIAN-ORIGIN H4N6 INFLUENZA VIRUS IN COMPLEX WITH HUMAN RECEPTOR ANALOG LSTC","10.1016/J.CELREP.2017.07.028 ",2.1,0,"5xl7_oligo1","DNeup5Aca2-6DGalpb1-4DGlcpNAcb1-ROH","SIA(3_E_)-GAL(2_E_)-NAG(1_E_)",72.5358,"","",""
"5XLD","THE STRUCTURE OF HEMAGGLUTININ Q226L-G228S MUTANT FROM AN AVIAN-ORIGIN H4N6 INFLUENZA VIRUS IN COMPLEX WITH HUMAN RECEPTOR ANALOG LSTC","10.1016/J.CELREP.2017.07.028 ",2.3,0,"5xld_oligo2","DNeup5Aca2-6DGalpb1-4DGlcpNAcb1-ROH","SIA(3_F_)-GAL(2_F_)-NAG(1_F_)",131.655,"","",""
"5XLD","THE STRUCTURE OF HEMAGGLUTININ Q226L-G228S MUTANT FROM AN AVIAN-ORIGIN H4N6 INFLUENZA VIRUS IN COMPLEX WITH HUMAN RECEPTOR ANALOG LSTC","10.1016/J.CELREP.2017.07.028 ",2.3,0,"5xld_oligo1","DNeup5Aca2-6DGalpb1-4DGlcpNAcb1-ROH","SIA(3_E_)-GAL(2_E_)-NAG(1_E_)",108.913,"","",""
"5XOF","CRYSTAL STRUCTURE OF HUMAN PAIRED IMMUNOGLOBULIN-LIKE TYPE 2 RECEPTOR ALPHA WITH SYNTHESIZED GLYCOPEPTIDE I","10.1074/JBC.M117.799239 ",1.96,0,"5xof_oligo1","DNeup5Aca2-6DGlcpNAca1-THR","SIA(2_E_)-NDG(1_E_)-THR(53_O_)",16.3334,"","",""
"5XOF","CRYSTAL STRUCTURE OF HUMAN PAIRED IMMUNOGLOBULIN-LIKE TYPE 2 RECEPTOR ALPHA WITH SYNTHESIZED GLYCOPEPTIDE I","10.1074/JBC.M117.799239 ",1.96,0,"5xof_oligo4","DNeup5Aca2-6DGlcpNAca1-THR","SIA(2_G_)-NDG(1_G_)-THR(53_Q_)",17.8293,"","",""
"5XOF","CRYSTAL STRUCTURE OF HUMAN PAIRED IMMUNOGLOBULIN-LIKE TYPE 2 RECEPTOR ALPHA WITH SYNTHESIZED GLYCOPEPTIDE I","10.1074/JBC.M117.799239 ",1.96,0,"5xof_oligo2","DNeup5Aca2-6DGlcpNAca1-THR","SIA(2_F_)-NDG(1_F_)-THR(53_P_)",13.8849,"","",""
"5XOF","CRYSTAL STRUCTURE OF HUMAN PAIRED IMMUNOGLOBULIN-LIKE TYPE 2 RECEPTOR ALPHA WITH SYNTHESIZED GLYCOPEPTIDE I","10.1074/JBC.M117.799239 ",1.96,0,"5xof_oligo3","DNeup5Aca2-6DGlcpNAca1-THR","SIA(2_H_)-NDG(1_H_)-THR(53_R_)",19.1088,"","",""
"5XRS","CRYSTAL STRUCTURE OF A/MINNESOTA/11/2010 (H3N2) INFLUENZA VIRUS HEMAGGLUTININ IN COMPLEX WITH LSTC","10.1038/S41467-018-04704-9 ",2.91,0,"5xrs_oligo11","DNeup5Aca2-6DGalpb1-4DGlcpNAcb1-3DGalpb1-4DGlcpb1-ROH","SIA(5_O_)-GAL(4_O_)-NAG(3_O_)-GAL(2_O_)-BGC(1_O_)",101.726,"","",""
"5XRS","CRYSTAL STRUCTURE OF A/MINNESOTA/11/2010 (H3N2) INFLUENZA VIRUS HEMAGGLUTININ IN COMPLEX WITH LSTC","10.1038/S41467-018-04704-9 ",2.91,0,"5xrs_oligo5","DNeup5Aca2-6DGalpb1-4DGlcpNAcb1-3DGalpb1-4DGlcpb1-ROH","SIA(5_g_)-GAL(4_g_)-NAG(3_g_)-GAL(2_g_)-BGC(1_g_)",163.763,"","",""
"5XRS","CRYSTAL STRUCTURE OF A/MINNESOTA/11/2010 (H3N2) INFLUENZA VIRUS HEMAGGLUTININ IN COMPLEX WITH LSTC","10.1038/S41467-018-04704-9 ",2.91,0,"5xrs_oligo4","DNeup5Aca2-6DGalpb1-4DGlcpNAcb1-3DGalpb1-4DGlcpb1-ROH","SIA(5_V_)-GAL(4_V_)-NAG(3_V_)-GAL(2_V_)-BGC(1_V_)",130.72,"","",""
"6AOT","CRYSTAL STRUCTURE OF THE A/BRISBANE/10/2007 (H3N2) INFLUENZA VIRUS HEMAGGLUTININ L194P MUTANT IN COMPLEX WITH 6'-SLNLN","10.1371/JOURNAL.PPAT.1006682 ",1.95,42.62,"6aot_oligo2","DNeup5Aca2-6DGalpb1-ROH","SIA(2_E_)-GAL(1_E_)",72.7986,"","",""
"6AOV","CRYSTAL STRUCTURE OF THE A/BRISBANE/10/2007 (H3N2) INFLUENZA VIRUS HEMAGGLUTININ IN COMPLEX WITH 6'-SLNLN","10.1371/JOURNAL.PPAT.1006682 ",1.75,40.44,"6aov_oligo4","DNeup5Aca2-6DGalpb1-4DGlcpNAcb1-3DGalpb1-4DGlcpNAcb1-ROH","SIA(5_F_)-GAL(4_F_)-NAG(3_F_)-GAL(2_F_)-NAG(1_F_)",76.1328,"","",""
"6BKQ","CRYSTAL STRUCTURE OF THE A/HONG KONG/1/1968 (H3N2) INFLUENZA VIRUS HEMAGGLUTININ E190D MUTANT IN COMPLEX WITH 6'-SLN","10.1038/S41467-018-03663-5 ",2.25,49.48,"6bkq_oligo4","DNeup5Aca2-6DGalpb1-4DGlcpNAcb1-ROH","SIA(3_J_)-GAL(2_J_)-NAG(1_J_)",89.5853,"","",""
"6BKQ","CRYSTAL STRUCTURE OF THE A/HONG KONG/1/1968 (H3N2) INFLUENZA VIRUS HEMAGGLUTININ E190D MUTANT IN COMPLEX WITH 6'-SLN","10.1038/S41467-018-03663-5 ",2.25,49.48,"6bkq_oligo10","DNeup5Aca2-6DGalpb1-ROH","SIA(2_P_)-GAL(1_P_)",53.0956,"","",""
"6BKQ","CRYSTAL STRUCTURE OF THE A/HONG KONG/1/1968 (H3N2) INFLUENZA VIRUS HEMAGGLUTININ E190D MUTANT IN COMPLEX WITH 6'-SLN","10.1038/S41467-018-03663-5 ",2.25,49.48,"6bkq_oligo7","DNeup5Aca2-6DGalpb1-4DGlcpNAcb1-ROH","SIA(3_M_)-GAL(2_M_)-NAG(1_M_)",75.8144,"","",""
"6BKR","CRYSTAL STRUCTURE OF THE A/WYOMING/3/2003 (H3N2) INFLUENZA VIRUS HEMAGGLUTININ IN COMPLEX WITH 6'-SLN","10.1038/S41467-018-03663-5 ",1.76,33.6,"6bkr_oligo5","DNeup5Aca2-6DGalpb1-4DGlcpNAcb1-ROH","SIA(3_G_)-GAL(2_G_)-NAG(1_G_)",57.9659,"","",""
"6BKT","CRYSTAL STRUCTURE OF THE A/MICHIGAN/15/2014 (H3N2) INFLUENZA VIRUS HEMAGGLUTININ IN COMPLEX WITH 6'-SLN","10.1038/S41467-018-03663-5 ",1.8,42.62,"6bkt_oligo5","DNeup5Aca2-6DGalpb1-4DGlcpNAcb1-ROH","SIA(3_G_)-GAL(2_G_)-NAG(1_G_)",56.1534,"","",""
"6BPL","E. COLI MSBA IN COMPLEX WITH LPS AND INHIBITOR G907","10.1038/S41586-018-0083-5 ",2.91,0,"6bpl_oligo4","[1-4]GMH1-5[DKdopa2-4]DKdopa2-6DGlcp[2<R1>,3<R2>,4P]b1-ARG","GMH(4_D_)-[KDO(3_D_)]-KDO(2_D_)-GCS(1_D_)-ARG(296_B_)",143.496,"","",""
"6BPP","E. COLI MSBA IN COMPLEX WITH LPS AND INHIBITOR G092","10.1038/S41586-018-0083-5 ",2.92,0,"6bpp_oligo1","DGlcpa1-3[DGlcpa1-6]DGlcpa1-3[GMH1-7]GMH1-3GMH1-5[DKdopa2-4]DKdopa2-6DGlcp[2<R1>,3<R2>,4P]b1-6DGlcp[2<R3>,3<R4>]a1-O4P1","GMH(9_C_)-[GLC(8_C_)-[GLC(7_C_)]-GLC(6_C_)]-GMH(5_C_)-GMH(4_C_)-[KDO(10_C_)]-KDO(3_C_)-GCS(2_C_)-PA1(1_C_)",142.913,"","",""
"6C5H","S25-5 FAB IN COMPLEX WITH CHLAMYDIACEAE-SPECIFIC LPS ANTIGEN","10.1021/ACS.BIOCHEM.8B00318 ",1.99,30.01,"6c5h_oligo1","DKdopa2-8DKdopa2-4DKdopa2-6DGlcpN[4P]b1-6DGlcpNa1-O4P1","KDO(5_B_)-KDO(4_B_)-KDO(3_B_)-Z9M(2_B_)-GP1(1_B_)",29.5294,"","",""
"6C5J","S25-23 FAB IN COMPLEX WITH CHLAMYDIACEAE LPS (CRYSTAL FORM 1)","10.1021/ACS.BIOCHEM.8B00318 ",2.29,53.07,"6c5j_oligo2","DKdopa2-8DKdopa2-4DKdopa2-6DGlcpN[4P]b1-6DGlcpNa1-O4P1","KDO(5_A_)-KDO(4_A_)-KDO(3_A_)-Z9M(2_A_)-GP1(1_A_)",60.7896,"","",""
"6C5K","S25-23 FAB IN COMPLEX WITH CHLAMYDIACEAE LPS (CRYSTAL FORM 2)","10.1021/ACS.BIOCHEM.8B00318 ",1.75,25.91,"6c5k_oligo6","DKdopa2-8DKdopa2-4DKdopa2-6DGlcpN[4P]b1-6DGlcpNa1-O4P1","KDO(5_F_)-KDO(4_F_)-KDO(3_F_)-Z9M(2_F_)-GP1(1_F_)",25.9317,"","",""
"6C5K","S25-23 FAB IN COMPLEX WITH CHLAMYDIACEAE LPS (CRYSTAL FORM 2)","10.1021/ACS.BIOCHEM.8B00318 ",1.75,25.91,"6c5k_oligo4","DKdopa2-8DKdopa2-4DKdopa2-6DGlcpN[4P]b1-6DGlcpNa1-O4P1","KDO(5_D_)-KDO(4_D_)-KDO(3_D_)-Z9M(2_D_)-GP1(1_D_)",33.9602,"","",""
"6CVB","CRYOEM STRUCTURE OF HUMAN ENTEROVIRUS D68 IN COMPLEX WITH 6'-SIALYL-N- ACETYLLACTOSAMINE","10.1038/S41467-019-11256-Z ",2.43,0,"6cvb_oligo1","DNeup5Aca2-6DGalpb1-4DGlcpNAcb1-ROH","SIA(3_E_)-GAL(2_E_)-NAG(1_E_)",41.2733,"","",""
"6D8D","THE CRYSTAL STRUCTURE OF HEMAGGLUTININ FROM A/HONG KONG/125/2017 INFLUENZA VIRUS IN COMPLEX WITH LSTB","10.1128/JVI.00375-18 ",3.55,69.55,"6d8d_oligo1","DGalpb1-3[DNeup5Aca2-6]DGlcpNAcx1-","SIA(3_G_)-[GAL(2_G_)]-NAG(1_G_)",140.114,"","",""
"6D8D","THE CRYSTAL STRUCTURE OF HEMAGGLUTININ FROM A/HONG KONG/125/2017 INFLUENZA VIRUS IN COMPLEX WITH LSTB","10.1128/JVI.00375-18 ",3.55,69.55,"6d8d_oligo2","DGalpb1-3[DNeup5Aca2-6]DGlcpNAcx1-","SIA(3_H_)-[GAL(2_H_)]-NAG(1_H_)",140.114,"","",""
"6DFE","THE STRUCTURE OF A TERNARY COMPLEX OF E. COLI WAAC","10.1016/J.STR.2018.07.001 ",2.31,46.93,"6dfe_oligo5","DKdopa2-4DKdopa2-6DGlcpNAc[4P]b1-6DGlcpNAca1-O4P1","KDO(4_D_)-KDO(3_D_)-GN4(2_D_)-GN1(1_D_)",80.5038,"","",""
"6DFE","THE STRUCTURE OF A TERNARY COMPLEX OF E. COLI WAAC","10.1016/J.STR.2018.07.001 ",2.31,46.93,"6dfe_oligo6","DKdopa2-4DKdopa2-6DGlcpNAc[4P]b1-6DGlcpNAca1-O4P1","KDO(4_C_)-KDO(3_C_)-GN4(2_C_)-GN1(1_C_)",75.8503,"","",""
"6ER4","RUMINOCOCCUS GNAVUS IT-SIALIDASE CBM40 BOUND TO ALPHA2,6 SIALYLLACTOSE","10.1038/S41467-017-02109-8 ",1.3,11.48,"6er4_oligo2","DNeup5Aca2-6DGalpb1-4DGlcpb1-ROH","SIA(3_D_)-GAL(2_D_)-BGC(1_D_)",11.9024,"","",""
"6ER4","RUMINOCOCCUS GNAVUS IT-SIALIDASE CBM40 BOUND TO ALPHA2,6 SIALYLLACTOSE","10.1038/S41467-017-02109-8 ",1.3,11.48,"6er4_oligo1","DNeup5Aca2-6DGalpb1-4DGlcpb1-ROH","SIA(3_C_)-GAL(2_C_)-BGC(1_C_)",12.7784,"","",""
"6EVV","X-RAY STRUCTURE OF THE COMPLEX BETWEEN HUMAN ALPHA THROMBIN AND NU172, A DUPLEX/QUADRUPLEX 26-MER DNA APTAMER, IN THE PRESENCE OF POTASSIUM IONS.","10.1093/NAR/GKY990 ",2.5,48.2,"6evv_oligo12","DNeup5Aca2-6DGalpb1-4DGlcpNAcb1-2DManpa1-6[DManpa1-3]DManpb1-4DGlcpNAcb1-4DGlcpNAcb1-ASN","SIA(7_A_)-GAL(6_A_)-NAG(5_A_)-MAN(4_A_)-[MAN(8_A_)]-BMA(3_A_)-NAG(2_A_)-NAG(1_A_)-ASN(60_H_)",71.1303,"","",""
"6FX3","CRYSTAL STRUCTURE OF PHOLIOTA SQUARROSA LECTIN IN COMPLEX WITH A DODECASACCHARIDE","10.1002/ANIE.201805165 ",1.7,26.6,"6fx3_oligo2","DNeup5Aca2-6DGalpb1-4DGlcpNAcb1-2DManpa1-6DManpb1-4DGlcpNAcb1-4[LFucpa1-6]DGlcpNAcb1-N3","FUC(8_D_)-[SIA(7_D_)-GAL(6_D_)-NAG(5_D_)-MAN(4_D_)-BMA(3_D_)-NAG(2_D_)]-C4W(1_D_)",28.679,"","",""
"6FX3","CRYSTAL STRUCTURE OF PHOLIOTA SQUARROSA LECTIN IN COMPLEX WITH A DODECASACCHARIDE","10.1002/ANIE.201805165 ",1.7,26.6,"6fx3_oligo1","DNeup5Aca2-6DGalpb1-4DGlcpNAcb1-2DManpa1-6[DGlcpNAcb1-2DManpa1-3]DManpb1-4DGlcpNAcb1-4[LFucpa1-6]DGlcpNAcb1-N3","FUC(10_C_)-[SIA(7_C_)-GAL(6_C_)-NAG(5_C_)-MAN(4_C_)-[NAG(9_C_)-MAN(8_C_)]-BMA(3_C_)-NAG(2_C_)]-C4W(1_C_)",36.0636,"","",""
"6GN7","X-RAY STRUCTURE OF THE COMPLEX BETWEEN HUMAN ALPHA THROMBIN AND NU172, A DUPLEX/QUADRUPLEX 26-MER DNA APTAMER, IN THE PRESENCE OF SODIUM IONS.","10.1093/NAR/GKY990 ",2.8,52.15,"6gn7_oligo18","DNeup5Aca2-6DGalpb1-4DGlcpNAcb1-2DManpa1-6DManpb1-4DGlcpNAcb1-4DGlcpNAcb1-ASN","SIA(7_A_)-GAL(6_A_)-NAG(5_A_)-MAN(4_A_)-BMA(3_A_)-NAG(2_A_)-NAG(1_A_)-ASN(60_H_)",122.001,"","",""
"6IDB","CRYSTAL STRUCTURE OF H7 HEMAGGLUTININ MUTANT H7-SVTQ ( A138S, P221T, L226Q) WITH 6'SLN","10.1016/J.CELREP.2019.10.047 ",2.5,0,"6idb_oligo1","DNeup5Aca2-6DGalpb1-4DGlcpNAcb1-ROH","SIA(3_C_)-GAL(2_C_)-NAG(1_C_)",68.3066,"","",""
"6IIG","CRYSTAL STRUCTURE OF H5N2 HEMAGGLUTININ G228S MUTANT WITH 6SLN FROM A/CHICKEN/TAIWAN/0502/2012","",3.21,0,"6iig_oligo1","DNeup5Aca2-6DGalpx1-","SIA(2_B_)-GAL(1_B_)",130.639,"","",""
"6NSB","CRYSTAL STRUCTURE OF THE IVR-165 (H3N2) INFLUENZA VIRUS HEMAGGLUTININ IN COMPLEX WITH 6'-SLNLN","10.1016/J.CHOM.2019.04.013 ",1.75,38.03,"6nsb_oligo6","DNeup5Aca2-6DGalpb1-4DGlcpNAcb1-ROH","SIA(3_H_)-GAL(2_H_)-NAG(1_H_)",75.9281,"","",""
"6P3R","CRYSTAL STRUCTURE OF HUMAN FAB H5.31 IN COMPLEX WITH INFLUENZA A H5N1 VIETNAM HEMAGGLUTININ HEAD DOMAIN","",3,0,"6p3r_oligo4","DNeup5Aca2-6DGalpa1-4DGlcpNAca1-2DManpa1-6[DManpa1-3]DManpa1-4DGlcpNAca1-4DGlcpNAcx1-","SIA(7_G_)-GLA(6_G_)-NDG(5_G_)-MAN(4_G_)-[MAN(8_G_)]-MAN(3_G_)-NDG(2_G_)-NAG(1_G_)",150.739,"","",""
"6P3R","CRYSTAL STRUCTURE OF HUMAN FAB H5.31 IN COMPLEX WITH INFLUENZA A H5N1 VIETNAM HEMAGGLUTININ HEAD DOMAIN","",3,0,"6p3r_oligo3","DNeup5Aca2-6DGalpb1-4DGlcpNAca1-2DManpb1-6DManpb1-4DGlcpNAcb1-4DGlcpNAcb1-ASN","SIA(7_H_)-GAL(6_H_)-NDG(5_H_)-BMA(4_H_)-BMA(3_H_)-NAG(2_H_)-NAG(1_H_)-ASN(163_L_)",134.35,"","",""
"6P3S","CRYSTAL STRUCTURE OF HUMAN FAB H5.28 IN COMPLEX WITH INFLUENZA A H5N1 VIETNAM HEMAGGLUTININ HEAD DOMAIN","",4,0,"6p3s_oligo1","DNeup5Aca2-6DGalpb1-4DGlcpNAca1-2DManpa1-6DManpa1-4DGlcpNAcb1-4DGlcpNAcb1-ASN","SIA(7_Y_)-GAL(6_Y_)-NDG(5_Y_)-MAN(4_Y_)-MAN(3_Y_)-NAG(2_Y_)-NAG(1_Y_)-ASN(163_E_)",147.088,"","",""
"6P3S","CRYSTAL STRUCTURE OF HUMAN FAB H5.28 IN COMPLEX WITH INFLUENZA A H5N1 VIETNAM HEMAGGLUTININ HEAD DOMAIN","",4,0,"6p3s_oligo8","DNeup5Aca2-6DGalpb1-4DGlcpNAca1-2DManpa1-6DManpb1-4DGlcpNAcb1-4DGlcpNAcx1-","SIA(7_f_)-GAL(6_f_)-NDG(5_f_)-MAN(4_f_)-BMA(3_f_)-NAG(2_f_)-NAG(1_f_)",133.384,"","",""
"6P3S","CRYSTAL STRUCTURE OF HUMAN FAB H5.28 IN COMPLEX WITH INFLUENZA A H5N1 VIETNAM HEMAGGLUTININ HEAD DOMAIN","",4,0,"6p3s_oligo7","DNeup5Aca2-6DGalpb1-4DGlcpNAca1-2DManpb1-6DManpx1-","SIA(5_e_)-GAL(4_e_)-NDG(3_e_)-BMA(2_e_)-MAN(1_e_)",129.585,"","",""
"6P3S","CRYSTAL STRUCTURE OF HUMAN FAB H5.28 IN COMPLEX WITH INFLUENZA A H5N1 VIETNAM HEMAGGLUTININ HEAD DOMAIN","",4,0,"6p3s_oligo5","DNeup5Aca2-6DGalpb1-4DGlcpNAca1-2DManpb1-6DManpx1-","SIA(5_c_)-GAL(4_c_)-NDG(3_c_)-BMA(2_c_)-BMA(1_c_)",126.251,"","",""
"6P3S","CRYSTAL STRUCTURE OF HUMAN FAB H5.28 IN COMPLEX WITH INFLUENZA A H5N1 VIETNAM HEMAGGLUTININ HEAD DOMAIN","",4,0,"6p3s_oligo3","DKdnpa2-6DGalpa1-4DGlcpNAca1-2DManpa1-6DManpa1-4DGlcpNAcx1-","SIA(6_a_)-GLA(5_a_)-NDG(4_a_)-MAN(3_a_)-MAN(2_a_)-NAG(1_a_)",128.642,"","",""
"6P3S","CRYSTAL STRUCTURE OF HUMAN FAB H5.28 IN COMPLEX WITH INFLUENZA A H5N1 VIETNAM HEMAGGLUTININ HEAD DOMAIN","",4,0,"6p3s_oligo4","DNeup5Aca2-6DGalpa1-4DGlcpNAcb1-2DManpa1-6DManpa1-4DGlcpNAcb1-4DGlcpNAcb1-ASN","SIA(7_b_)-GLA(6_b_)-NAG(5_b_)-MAN(4_b_)-MAN(3_b_)-NAG(2_b_)-NAG(1_b_)-ASN(163_K_)",152.064,"","",""
"6P3S","CRYSTAL STRUCTURE OF HUMAN FAB H5.28 IN COMPLEX WITH INFLUENZA A H5N1 VIETNAM HEMAGGLUTININ HEAD DOMAIN","",4,0,"6p3s_oligo2","DNeup5Aca2-6DGalpb1-4DGlcpNAcb1-2DManpb1-6DManpb1-4DGlcpNAcb1-4DGlcpNAcb1-ASN","SIA(7_Z_)-GAL(6_Z_)-NAG(5_Z_)-BMA(4_Z_)-BMA(3_Z_)-NAG(2_Z_)-NAG(1_Z_)-ASN(163_H_)",134.551,"","",""
"6P3S","CRYSTAL STRUCTURE OF HUMAN FAB H5.28 IN COMPLEX WITH INFLUENZA A H5N1 VIETNAM HEMAGGLUTININ HEAD DOMAIN","",4,0,"6p3s_oligo6","DNeup5Aca2-6DGalpb1-4DGlcpNAca1-2DManpb1-6DManpa1-4DGlcpNAcb1-4DGlcpNAcx1-","SIA(7_d_)-GAL(6_d_)-NDG(5_d_)-BMA(4_d_)-MAN(3_d_)-NAG(2_d_)-NAG(1_d_)",127.216,"","",""
"6P4N","SALMONELLA TYPHI PLTB HOMOPENTAMER WITH NEU5AC-ALPHA-2-6-GAL-BETA-1-4- GLCNAC GLYCANS","10.1016/J.CHOM.2020.04.005 ",1.7,0,"6p4n_oligo1","DNeup5Aca2-6DGalpb1-4DGlcpNAcb1-ROH","SIA(3_H_)-GAL(2_H_)-NAG(1_H_)",60.4319,"","",""
"6P4N","SALMONELLA TYPHI PLTB HOMOPENTAMER WITH NEU5AC-ALPHA-2-6-GAL-BETA-1-4- GLCNAC GLYCANS","10.1016/J.CHOM.2020.04.005 ",1.7,0,"6p4n_oligo3","DNeup5Aca2-6DGalpb1-4DGlcpNAcb1-ROH","SIA(3_G_)-GAL(2_G_)-NAG(1_G_)",60.3103,"","",""
"6P4N","SALMONELLA TYPHI PLTB HOMOPENTAMER WITH NEU5AC-ALPHA-2-6-GAL-BETA-1-4- GLCNAC GLYCANS","10.1016/J.CHOM.2020.04.005 ",1.7,0,"6p4n_oligo2","DNeup5Aca2-6DGalpb1-4DGlcpNAcb1-ROH","SIA(3_F_)-GAL(2_F_)-NAG(1_F_)",38.6776,"","",""
"6P4R","SALMONELLA TYPHI PLTB HOMOPENTAMER N29K MUTANT WITH NEU5AC-ALPHA-2-6- GAL-BETA-1-4-GLCNAC GLYCANS","10.1016/J.CHOM.2020.04.005 ",1.87,0,"6p4r_oligo1","DNeup5Aca2-6DGalpb1-4DGlcpNAcb1-ROH","SIA(3_I_)-GAL(2_I_)-NAG(1_I_)",42.3996,"","",""
"6P4R","SALMONELLA TYPHI PLTB HOMOPENTAMER N29K MUTANT WITH NEU5AC-ALPHA-2-6- GAL-BETA-1-4-GLCNAC GLYCANS","10.1016/J.CHOM.2020.04.005 ",1.87,0,"6p4r_oligo3","DNeup5Aca2-6DGalpb1-4DGlcpNAcb1-ROH","SIA(3_F_)-GAL(2_F_)-NAG(1_F_)",50.9034,"","",""
"6P4R","SALMONELLA TYPHI PLTB HOMOPENTAMER N29K MUTANT WITH NEU5AC-ALPHA-2-6- GAL-BETA-1-4-GLCNAC GLYCANS","10.1016/J.CHOM.2020.04.005 ",1.87,0,"6p4r_oligo4","DNeup5Aca2-6DGalpb1-4DGlcpNAcb1-ROH","SIA(3_G_)-GAL(2_G_)-NAG(1_G_)",47.5127,"","",""
"6P4R","SALMONELLA TYPHI PLTB HOMOPENTAMER N29K MUTANT WITH NEU5AC-ALPHA-2-6- GAL-BETA-1-4-GLCNAC GLYCANS","10.1016/J.CHOM.2020.04.005 ",1.87,0,"6p4r_oligo5","DNeup5Aca2-6DGalpb1-4DGlcpNAcb1-ROH","SIA(3_H_)-GAL(2_H_)-NAG(1_H_)",43.6331,"","",""
"6P4R","SALMONELLA TYPHI PLTB HOMOPENTAMER N29K MUTANT WITH NEU5AC-ALPHA-2-6- GAL-BETA-1-4-GLCNAC GLYCANS","10.1016/J.CHOM.2020.04.005 ",1.87,0,"6p4r_oligo2","DNeup5Aca2-6DGalpb1-4DGlcpNAcb1-ROH","SIA(3_J_)-GAL(2_J_)-NAG(1_J_)",56.4607,"","",""
"6Q07","MERS-COV S STRUCTURE IN COMPLEX WITH 2,6-SIALYL-N-ACETYL-LACTOSAMINE","10.1038/S41594-019-0334-7 ",2.9,0,"6q07_oligo11","DNeup5Aca2-6DGalpb1-4DGlcpNAcb1-ROH","SIA(3_W_)-GAL(2_W_)-NAG(1_W_)",28.4969,"","",""
"6Q07","MERS-COV S STRUCTURE IN COMPLEX WITH 2,6-SIALYL-N-ACETYL-LACTOSAMINE","10.1038/S41594-019-0334-7 ",2.9,0,"6q07_oligo17","DNeup5Aca2-6DGalpb1-4DGlcpNAcb1-ROH","SIA(3_M_)-GAL(2_M_)-NAG(1_M_)",28.4969,"","",""
"6Q07","MERS-COV S STRUCTURE IN COMPLEX WITH 2,6-SIALYL-N-ACETYL-LACTOSAMINE","10.1038/S41594-019-0334-7 ",2.9,0,"6q07_oligo30","DNeup5Aca2-6DGalpb1-4DGlcpNAcb1-ROH","SIA(3_g_)-GAL(2_g_)-NAG(1_g_)",28.4969,"","",""
"6R0X","THE EXTRACELLULAR DOMAIN OF G6B-B IN COMPLEX WITH FAB FRAGMENT AND DP12 HEPARIN OLIGOSACCHARIDE.","10.7554/ELIFE.46840 ",3.13,115.9,"6r0x_oligo2","DGalpb1-3[DNeup5Aca2-6]DGalpNAcb1-THR","SIA(3_G_)-[GAL(2_G_)]-A2G(1_G_)-THR(73_E_)",138.957,"","",""
"6R0X","THE EXTRACELLULAR DOMAIN OF G6B-B IN COMPLEX WITH FAB FRAGMENT AND DP12 HEPARIN OLIGOSACCHARIDE.","10.7554/ELIFE.46840 ",3.13,115.9,"6r0x_oligo1","DGalpb1-3[DNeup5Aca2-6]DGalpNAcb1-THR","SIA(3_I_)-[GAL(2_I_)]-A2G(1_I_)-THR(73_F_)",189.954,"","",""
"6R43","STRUCTURE OF P110 FROM MYCOPLASMA GENITALIUM COMPLEXED WITH 6'-SL","10.1038/S41467-018-06963-Y ",2.52,93.32,"6r43_oligo1","DNeup5Aca2-6DGalpb1-4DGlcpb1-ROH","SIA(3_B_)-GAL(2_B_)-BGC(1_B_)",167.247,"","",""
"6T9P","HUMAN BUTYRYLCHOLINESTERASE IN COMPLEX WITH 2-(N-HYDROXYIMINO)-N- [(1R)-3-{4-[(2-METHYL-1H-IMIDAZOL-1-YL)METHYL]-1H-1,2,3-TRIAZOL-1- YL}-1- PHENYLPROPYL]ACETAMIDE","10.1042/BCJ20200192 ",2.7,71.73,"6t9p_oligo1","DGlcpNAcb1-4[DTagpa2-6]DGlcpNAcb1-ASN","TGY(3_D_)-[NAG(2_D_)]-NAG(1_D_)-ASN(341_A_)",119.703,"","",""
"6TM0","N-DOMAIN P40/P90 MYCOPLASMA PNEUMONIAE COMPLEXED WITH 6'SL","10.1038/S41467-020-18777-Y ",2.8,96.22,"6tm0_oligo2","DNeup5Aca2-6DGalpb1-4DGlcpb1-ROH","SIA(3_C_)-GAL(2_C_)-BGC(1_C_)",117.03,"","",""
"6TM0","N-DOMAIN P40/P90 MYCOPLASMA PNEUMONIAE COMPLEXED WITH 6'SL","10.1038/S41467-020-18777-Y ",2.8,96.22,"6tm0_oligo1","DNeup5Aca2-6DGalpb1-4DGlcpb1-ROH","SIA(3_D_)-GAL(2_D_)-BGC(1_D_)",118.093,"","",""
"6TVB","CRYSTAL STRUCTURE OF THE HAEMAGGLUTININ FROM A TRANSMISSIBLE H10N7 SEAL INFLUENZA VIRUS ISOLATED IN NETHERLAND IN COMPLEX WITH HUMAN RECEPTOR ANALOGUE 6'-SLN","10.1016/J.CHOM.2020.08.011 ",1.65,32.45,"6tvb_oligo2","DNeup5Aca2-6DGalpb1-4DGlcpNAcb1-ROH","SIA(3_H_)-GAL(2_H_)-NAG(1_H_)",57.678,"","",""
"6TVB","CRYSTAL STRUCTURE OF THE HAEMAGGLUTININ FROM A TRANSMISSIBLE H10N7 SEAL INFLUENZA VIRUS ISOLATED IN NETHERLAND IN COMPLEX WITH HUMAN RECEPTOR ANALOGUE 6'-SLN","10.1016/J.CHOM.2020.08.011 ",1.65,32.45,"6tvb_oligo1","DNeup5Aca2-6DGalpb1-4DGlcpNAcb1-ROH","SIA(3_G_)-GAL(2_G_)-NAG(1_G_)",48.8212,"","",""
"6TVB","CRYSTAL STRUCTURE OF THE HAEMAGGLUTININ FROM A TRANSMISSIBLE H10N7 SEAL INFLUENZA VIRUS ISOLATED IN NETHERLAND IN COMPLEX WITH HUMAN RECEPTOR ANALOGUE 6'-SLN","10.1016/J.CHOM.2020.08.011 ",1.65,32.45,"6tvb_oligo3","DNeup5Aca2-6DGalpb1-4DGlcpNAcb1-ROH","SIA(3_I_)-GAL(2_I_)-NAG(1_I_)",48.4526,"","",""
"6TVF","CRYSTAL STRUCTURE OF THE HAEMAGGLUTININ FROM A H10N7 SEAL INFLUENZA VIRUS ISOLATED IN GERMANY IN COMPLEX WITH HUMAN RECEPTOR ANALOGUE, 6'-SLN","10.1016/J.CHOM.2020.08.011 ",2.6,91.22,"6tvf_oligo6","DNeup5Aca2-6DGalpb1-4DGlcpNAcb1-ROH","SIA(3_R_)-GAL(2_R_)-NAG(1_R_)",144.233,"","",""
"6TVF","CRYSTAL STRUCTURE OF THE HAEMAGGLUTININ FROM A H10N7 SEAL INFLUENZA VIRUS ISOLATED IN GERMANY IN COMPLEX WITH HUMAN RECEPTOR ANALOGUE, 6'-SLN","10.1016/J.CHOM.2020.08.011 ",2.6,91.22,"6tvf_oligo2","DNeup5Aca2-6DGalpb1-ROH","SIA(2_N_)-GAL(1_N_)",125.347,"","",""
"6TVF","CRYSTAL STRUCTURE OF THE HAEMAGGLUTININ FROM A H10N7 SEAL INFLUENZA VIRUS ISOLATED IN GERMANY IN COMPLEX WITH HUMAN RECEPTOR ANALOGUE, 6'-SLN","10.1016/J.CHOM.2020.08.011 ",2.6,91.22,"6tvf_oligo9","DNeup5Aca2-6DGalpb1-4DGlcpNAcb1-ROH","SIA(3_U_)-GAL(2_U_)-NAG(1_U_)",109.184,"","",""
"6TVF","CRYSTAL STRUCTURE OF THE HAEMAGGLUTININ FROM A H10N7 SEAL INFLUENZA VIRUS ISOLATED IN GERMANY IN COMPLEX WITH HUMAN RECEPTOR ANALOGUE, 6'-SLN","10.1016/J.CHOM.2020.08.011 ",2.6,91.22,"6tvf_oligo4","DNeup5Aca2-6DGalpb1-4DGlcpNAcb1-ROH","SIA(3_P_)-GAL(2_P_)-NAG(1_P_)",117.045,"","",""
"6TVF","CRYSTAL STRUCTURE OF THE HAEMAGGLUTININ FROM A H10N7 SEAL INFLUENZA VIRUS ISOLATED IN GERMANY IN COMPLEX WITH HUMAN RECEPTOR ANALOGUE, 6'-SLN","10.1016/J.CHOM.2020.08.011 ",2.6,91.22,"6tvf_oligo1","DNeup5Aca2-6DGalpb1-4DGlcpNAcb1-ROH","SIA(3_M_)-GAL(2_M_)-NAG(1_M_)",116.554,"","",""
"6TVT","CRYSTAL STRUCTURE OF THE HAEMAGGLUTININ MUTANT (GLN226LEU, DEL228) FROM AN H10N7 SEAL INFLUENZA VIRUS ISOLATED IN GERMANY IN COMPLEX WITH HUMAN RECEPTOR ANALOGUE 6'-SLN","10.1016/J.CHOM.2020.08.011 ",2.2,53.38,"6tvt_oligo5","DNeup5Aca2-6DGalpb1-ROH","SIA(2_K_)-GAL(1_K_)",95.7187,"","",""
"6TVT","CRYSTAL STRUCTURE OF THE HAEMAGGLUTININ MUTANT (GLN226LEU, DEL228) FROM AN H10N7 SEAL INFLUENZA VIRUS ISOLATED IN GERMANY IN COMPLEX WITH HUMAN RECEPTOR ANALOGUE 6'-SLN","10.1016/J.CHOM.2020.08.011 ",2.2,53.38,"6tvt_oligo1","DNeup5Aca2-6DGalpb1-ROH","SIA(2_G_)-GAL(1_G_)",81.0484,"","",""
"6TVT","CRYSTAL STRUCTURE OF THE HAEMAGGLUTININ MUTANT (GLN226LEU, DEL228) FROM AN H10N7 SEAL INFLUENZA VIRUS ISOLATED IN GERMANY IN COMPLEX WITH HUMAN RECEPTOR ANALOGUE 6'-SLN","10.1016/J.CHOM.2020.08.011 ",2.2,53.38,"6tvt_oligo3","DNeup5Aca2-6DGalpb1-4DGlcpNAcb1-ROH","SIA(3_I_)-GAL(2_I_)-NAG(1_I_)",78.6494,"","",""
"6TWV","CRYSTAL STRUCTURE OF THE HAEMAGGLUTININ MUTANT (GLN226LEU) FROM AN H10N7 SEAL INFLUENZA VIRUS ISOLATED IN GERMANY WITH HUMAN RECEPTOR ANALOGUE, 6'SLN","10.1016/J.CHOM.2020.08.011 ",2.55,76.53,"6twv_oligo3","DNeup5Aca2-6DGalpb1-4DGlcpNAcb1-ROH","SIA(3_O_)-GAL(2_O_)-NAG(1_O_)",121.283,"","",""
"6TWV","CRYSTAL STRUCTURE OF THE HAEMAGGLUTININ MUTANT (GLN226LEU) FROM AN H10N7 SEAL INFLUENZA VIRUS ISOLATED IN GERMANY WITH HUMAN RECEPTOR ANALOGUE, 6'SLN","10.1016/J.CHOM.2020.08.011 ",2.55,76.53,"6twv_oligo5","DNeup5Aca2-6DGalpb1-4DGlcpNAcb1-ROH","SIA(3_Q_)-GAL(2_Q_)-NAG(1_Q_)",131.191,"","",""
"6TWV","CRYSTAL STRUCTURE OF THE HAEMAGGLUTININ MUTANT (GLN226LEU) FROM AN H10N7 SEAL INFLUENZA VIRUS ISOLATED IN GERMANY WITH HUMAN RECEPTOR ANALOGUE, 6'SLN","10.1016/J.CHOM.2020.08.011 ",2.55,76.53,"6twv_oligo1","DNeup5Aca2-6DGalpb1-4DGlcpNAcb1-ROH","SIA(3_M_)-GAL(2_M_)-NAG(1_M_)",115.456,"","",""
"6TWV","CRYSTAL STRUCTURE OF THE HAEMAGGLUTININ MUTANT (GLN226LEU) FROM AN H10N7 SEAL INFLUENZA VIRUS ISOLATED IN GERMANY WITH HUMAN RECEPTOR ANALOGUE, 6'SLN","10.1016/J.CHOM.2020.08.011 ",2.55,76.53,"6twv_oligo4","DNeup5Aca2-6DGalpb1-4DGlcpNAcb1-ROH","SIA(3_P_)-GAL(2_P_)-NAG(1_P_)",116.902,"","",""
"6TWV","CRYSTAL STRUCTURE OF THE HAEMAGGLUTININ MUTANT (GLN226LEU) FROM AN H10N7 SEAL INFLUENZA VIRUS ISOLATED IN GERMANY WITH HUMAN RECEPTOR ANALOGUE, 6'SLN","10.1016/J.CHOM.2020.08.011 ",2.55,76.53,"6twv_oligo2","DNeup5Aca2-6DGalpb1-ROH","SIA(2_N_)-GAL(1_N_)",123.572,"","",""
"6TY1","CRYSTAL STRUCTURE OF THE HAEMAGGLUTININ MUTANT (GLN226LEU, GLY228SER) FROM AN H10N7 SEAL INFLUENZA VIRUS ISOLATED IN GERMANY IN COMPLEX WITH HUMAN RECEPTOR ANALOGUE 6'-SLN","10.1016/J.CHOM.2020.08.011 ",3.2,121,"6ty1_oligo1","DNeup5Aca2-6DGalpb1-4DGlcpNAcb1-ROH","SIA(3_M_)-GAL(2_M_)-NAG(1_M_)",151.24,"","",""
"6TY1","CRYSTAL STRUCTURE OF THE HAEMAGGLUTININ MUTANT (GLN226LEU, GLY228SER) FROM AN H10N7 SEAL INFLUENZA VIRUS ISOLATED IN GERMANY IN COMPLEX WITH HUMAN RECEPTOR ANALOGUE 6'-SLN","10.1016/J.CHOM.2020.08.011 ",3.2,121,"6ty1_oligo4","DNeup5Aca2-6DGalpb1-4DGlcpNAcb1-ROH","SIA(3_P_)-GAL(2_P_)-NAG(1_P_)",153.585,"","",""
"6TY1","CRYSTAL STRUCTURE OF THE HAEMAGGLUTININ MUTANT (GLN226LEU, GLY228SER) FROM AN H10N7 SEAL INFLUENZA VIRUS ISOLATED IN GERMANY IN COMPLEX WITH HUMAN RECEPTOR ANALOGUE 6'-SLN","10.1016/J.CHOM.2020.08.011 ",3.2,121,"6ty1_oligo3","DNeup5Aca2-6DGalpb1-ROH","SIA(2_O_)-GAL(1_O_)",142.354,"","",""
"6TY1","CRYSTAL STRUCTURE OF THE HAEMAGGLUTININ MUTANT (GLN226LEU, GLY228SER) FROM AN H10N7 SEAL INFLUENZA VIRUS ISOLATED IN GERMANY IN COMPLEX WITH HUMAN RECEPTOR ANALOGUE 6'-SLN","10.1016/J.CHOM.2020.08.011 ",3.2,121,"6ty1_oligo2","DNeup5Aca2-6DGalpb1-ROH","SIA(2_N_)-GAL(1_N_)",111.501,"","",""
"6TYQ","SALMONELLA TYPHI PLTB HOMOPENTAMER WITH NEU-5NAC-9OAC-ALPHA-2-6-GAL- BETA-1-4-GLCNAC GLYCANS","10.1371/JOURNAL.PPAT.1008336 ",1.88,0,"6tyq_oligo3","DNeup5Aca2-6DGalpb1-4DGlcpNAcb1-ROH","5N6(3_G_)-GAL(2_G_)-NAG(1_G_)",57.4718,"","",""
"6TYQ","SALMONELLA TYPHI PLTB HOMOPENTAMER WITH NEU-5NAC-9OAC-ALPHA-2-6-GAL- BETA-1-4-GLCNAC GLYCANS","10.1371/JOURNAL.PPAT.1008336 ",1.88,0,"6tyq_oligo1","DNeup5Aca2-6DGalpb1-4DGlcpNAcb1-ROH","5N6(3_H_)-GAL(2_H_)-NAG(1_H_)",57.5732,"","",""
"6TYQ","SALMONELLA TYPHI PLTB HOMOPENTAMER WITH NEU-5NAC-9OAC-ALPHA-2-6-GAL- BETA-1-4-GLCNAC GLYCANS","10.1371/JOURNAL.PPAT.1008336 ",1.88,0,"6tyq_oligo2","DNeup5Aca2-6DGalpb1-4DGlcpNAcb1-ROH","5N6(3_F_)-GAL(2_F_)-NAG(1_F_)",33.497,"","",""
"6TZB","CRYSTAL STRUCTURE OF THE A/HONG KONG/1/1968 (H3N2) INFLUENZA VIRUS HEMAGGLUTININ IN COMPLEX WITH 6'-SLNLN","10.1038/S41467-020-15102-5 ",2.24,49.07,"6tzb_oligo7","DNeup5Aca2-6DGalpb1-4DGlcpNAcb1-ROH","SIA(3_M_)-GAL(2_M_)-NAG(1_M_)",61.973,"","",""
"6TZB","CRYSTAL STRUCTURE OF THE A/HONG KONG/1/1968 (H3N2) INFLUENZA VIRUS HEMAGGLUTININ IN COMPLEX WITH 6'-SLNLN","10.1038/S41467-020-15102-5 ",2.24,49.07,"6tzb_oligo11","DNeup5Aca2-6DGalpb1-4DGlcpNAcb1-3DGalpb1-4DGlcpNAcb1-ROH","SIA(5_Q_)-GAL(4_Q_)-NAG(3_Q_)-GAL(2_Q_)-NAG(1_Q_)",89.0779,"","",""
"6TZB","CRYSTAL STRUCTURE OF THE A/HONG KONG/1/1968 (H3N2) INFLUENZA VIRUS HEMAGGLUTININ IN COMPLEX WITH 6'-SLNLN","10.1038/S41467-020-15102-5 ",2.24,49.07,"6tzb_oligo4","DNeup5Aca2-6DGalpb1-4DGlcpNAcb1-3DGalpb1-4DGlcpNAcb1-ROH","SIA(5_J_)-GAL(4_J_)-NAG(3_J_)-GAL(2_J_)-NAG(1_J_)",100.646,"","",""
"6XLP","STRUCTURE OF THE ESSENTIAL INNER MEMBRANE LIPOPOLYSACCHARIDE-PBGA COMPLEX","10.1038/S41586-020-2597-X ",2,51.56,"6xlp_oligo1","DKdopa2-6DGlcp[2<R1>,4P]b1-6DGlcp[2<R2>,3<R3>]a1-O4P1","KDO(3_B_)-VJ4(1_B_)-VJ1(2_B_)",89.0532,"","",""
"6XT1","THE STRUCTURE OF THE M60 CATALYTIC DOMAIN FROM CLOSTRIDIUM PERFRINGENS ZMPC IN COMPLEX THE SIALYL T ANTIGEN","",2.49,41.62,"6xt1_oligo1","DGalpb1-3[DNeup5Aca2-6]DGalpNAca1-SER","SIA(3_F_)-[GAL(2_F_)]-A2G(1_F_)-SER(1004_A_)",78.781,"","",""
"6XT1","THE STRUCTURE OF THE M60 CATALYTIC DOMAIN FROM CLOSTRIDIUM PERFRINGENS ZMPC IN COMPLEX THE SIALYL T ANTIGEN","",2.49,41.62,"6xt1_oligo2","DGalpb1-3[DNeup5Aca2-6]DGalpNAca1-SER","SIA(3_M_)-[GAL(2_M_)]-A2G(1_M_)-SER(1006_B_)",63.707,"","",""
"6XTA","RECOMBINANT HUMAN BUTYRYLCHOLINESTERASE IN COMPLEX WITH (2S)-N-[2-(1- BENZYLAZEPAN-4-YL)ETHYL]-2-(BUTYLAMINO)-3-(1H-INDOL-3-YL)PROPANAMIDE","10.1016/J.EJMECH.2020.112766 ",2.5,74.81,"6xta_oligo2","DGlcpNAcb1-4[DTagpa2-6]DGlcpNAcb1-ASN","TGY(3_E_)-[NAG(2_E_)]-NAG(1_E_)-ASN(341_A_)",101.584,"","",""
"6Y64","STRUCTURE OF SHEEP POLYOMAVIRUS VP1 IN COMPLEX WITH 6'- SIALYLLACTOSAMINE","10.1128/MBIO.00745-20 ",1.6,18.38,"6y64_oligo3","DNeup5Aca2-6DGalpb1-4DGlcpNAcb1-ROH","SIA(3_M_)-GAL(2_M_)-NAG(1_M_)",36.7477,"","",""
"6Y64","STRUCTURE OF SHEEP POLYOMAVIRUS VP1 IN COMPLEX WITH 6'- SIALYLLACTOSAMINE","10.1128/MBIO.00745-20 ",1.6,18.38,"6y64_oligo4","DNeup5Aca2-6DGalpb1-ROH","SIA(2_N_)-GAL(1_N_)",33.8104,"","",""
"6Y64","STRUCTURE OF SHEEP POLYOMAVIRUS VP1 IN COMPLEX WITH 6'- SIALYLLACTOSAMINE","10.1128/MBIO.00745-20 ",1.6,18.38,"6y64_oligo2","DNeup5Aca2-6DGalpb1-ROH","SIA(2_L_)-GAL(1_L_)",41.868,"","",""
"6Y64","STRUCTURE OF SHEEP POLYOMAVIRUS VP1 IN COMPLEX WITH 6'- SIALYLLACTOSAMINE","10.1128/MBIO.00745-20 ",1.6,18.38,"6y64_oligo1","DNeup5Aca2-6DGalpb1-ROH","SIA(2_K_)-GAL(1_K_)",35.0978,"","",""
"7C94","CRYSTAL STRUCTURE OF THE ANTI-HUMAN PODOPLANIN ANTIBODY FAB FRAGMENT COMPLEX WITH GLYCOPEPTIDE","10.1016/J.BBRC.2020.08.103 ",2.84,46.24,"7c94_oligo1","DNeup5Aca2-3DGalpb1-3[DNeup5Aca2-6]DGalpNAca1-THR","SIA(4_H_)-[SIA(3_H_)-GAL(2_H_)]-A2G(1_H_)-THR(76_F_)",66.1149,"","",""
"7C94","CRYSTAL STRUCTURE OF THE ANTI-HUMAN PODOPLANIN ANTIBODY FAB FRAGMENT COMPLEX WITH GLYCOPEPTIDE","10.1016/J.BBRC.2020.08.103 ",2.84,46.24,"7c94_oligo2","DNeup5Aca2-3DGalpb1-3[DNeup5Aca2-6]DGalpNAca1-THR","SIA(4_G_)-[SIA(3_G_)-GAL(2_G_)]-A2G(1_G_)-THR(76_C_)",63.6828,"","",""
"7ZNR","INACTIVE D62N MUTANT OF BT1760 ENDO-ACTING LEVANASE FROM BACTEROIDES THETAIOTAOMICRON VPI-5482","10.1038/S41586-023-06146-W ",2.65,59.92,"7znr_oligo4","DFrufb2-6DFrufa2-6DFrufb2-6DFrufb2-ROH","FRU(4_E_)-FRU(3_E_)-FRU(2_E_)-FRU(1_E_)",89.4277,"","",""
"7ZNS","INACTIVE D62N MUTANT OF BT1760 ENDO-ACTING LEVANASE FROM BACTEROIDES THETAIOTAOMICRON VPI-5482","10.1038/S41586-023-06146-W ",2.3,42.59,"7zns_oligo1","DFrufa2-6DFrufb2-6DFrufb2-ROH","FRU(3_C_)-FRU(2_C_)-FRU(1_C_)",41.4107,"","",""
"7ZNS","INACTIVE D62N MUTANT OF BT1760 ENDO-ACTING LEVANASE FROM BACTEROIDES THETAIOTAOMICRON VPI-5482","10.1038/S41586-023-06146-W ",2.3,42.59,"7zns_oligo4","DFrufa2-6DFrufb2-6DFrufb2-ROH","FRU(3_E_)-FRU(2_E_)-FRU(1_E_)",75.165,"","",""
"8BW5","X-RAY STRUCTURE OF THE COMPLEX BETWEEN HUMAN ALPHA THROMBIN AND THE DUPLEX/QUADRUPLEX APTAMER M08S-1_41MER","10.1093/NAR/GKAD634 ",2.8,77.14,"8bw5_oligo19","DNeup5Aca2-6DGalpb1-4DGlcpNAcb1-2DManpa1-6[DManpa1-3]DManpb1-4DGlcpNAcb1-4DGlcpNAcb1-ASN","SIA(7_A_)-GAL(6_A_)-NAG(5_A_)-MAN(4_A_)-[MAN(8_A_)]-BMA(3_A_)-NAG(2_A_)-NAG(1_A_)-ASN(60_H_)",104.268,"","",""
