pdb,phi site,psi site,phi,psi,B factor(Avg),BFMP ring shape
4j3x.pdb,B GLC 7 C2 C1 GLC 6 O6 C6,B GLC 7 C1 GLC 6 O6 C6 C5,199.284,195.638,"(['GLC(7_B_)', 'GLC(6_B_)'], [59.18, 26.38])","(['7.B', '6.B'], ['4C1', '4C1'])"
4j3x.pdb,B GLC 4 C2 C1 GLC 3 O6 C6,B GLC 4 C1 GLC 3 O6 C6 C5,164.465,169.37,"(['GLC(4_B_)', 'GLC(3_B_)'], [18.91, 15.05])","(['4.B', '3.B'], ['4C1', '4C1'])"
7bvt.pdb,B GLC 3 C2 C1 GLC 2 O6 C6,B GLC 3 C1 GLC 2 O6 C6 C5,198.031,189.552,"(['GLC(3_B_)', 'GLC(2_B_)'], [31.55, 25.99])","(['3.B', '2.B'], ['4C1', '4C1'])"
3wnp.pdb,C GLC 4 C2 C1 GLC 3 O6 C6,C GLC 4 C1 GLC 3 O6 C6 C5,189.076,189.456,"(['GLC(4_C_)', 'GLC(3_C_)'], [68.96, 57.08])","(['4.C', '3.C'], ['4C1', '-'])"
3wnp.pdb,C GLC 3 C2 C1 GLC 2 O6 C6,C GLC 3 C1 GLC 2 O6 C6 C5,188.888,96.9731,"(['GLC(3_C_)', 'GLC(2_C_)'], [57.08, 48.3])","(['3.C', '2.C'], ['-', '4C1'])"
3wnp.pdb,D GLC 4 C2 C1 GLC 3 O6 C6,D GLC 4 C1 GLC 3 O6 C6 C5,188.143,186.462,"(['GLC(4_D_)', 'GLC(3_D_)'], [72.59, 62.92])","(['4.D', '3.D'], ['4C1', '-'])"
3wnp.pdb,D GLC 3 C2 C1 GLC 2 O6 C6,D GLC 3 C1 GLC 2 O6 C6 C5,178.085,97.7335,"(['GLC(3_D_)', 'GLC(2_D_)'], [62.92, 50.25])","(['3.D', '2.D'], ['-', '4C1'])"
5f7r.pdb,B GLC 2 C2 C1 GLC 1 O6 C6,B GLC 2 C1 GLC 1 O6 C6 C5,179.603,103.564,"(['GLC(2_B_)', 'GLC(1_B_)'], [17.05, 18.56])","(['2.B', '1.B'], ['4C1', '4C1'])"
5f7r.pdb,C GLC 2 C2 C1 GLC 1 O6 C6,C GLC 2 C1 GLC 1 O6 C6 C5,181.902,101.494,"(['GLC(2_C_)', 'GLC(1_C_)'], [16.3, 16.57])","(['2.C', '1.C'], ['4C1', '4C1'])"
5i0d.pdb,C GLC 2 C2 C1 GLC 1 O6 C6,C GLC 2 C1 GLC 1 O6 C6 C5,190.477,172.597,"(['GLC(2_C_)', 'GLC(1_C_)'], [17.18, 20.89])","(['2.C', '1.C'], ['4C1', '4C1'])"
5i0d.pdb,E GLC 2 C2 C1 GLC 1 O6 C6,E GLC 2 C1 GLC 1 O6 C6 C5,195.038,179.35,"(['GLC(2_E_)', 'GLC(1_E_)'], [21.27, 30.58])","(['2.E', '1.E'], ['4C1', '4C1'])"
5i0d.pdb,G GLC 2 C2 C1 GLC 1 O6 C6,G GLC 2 C1 GLC 1 O6 C6 C5,185.345,202.819,"(['GLC(2_G_)', 'GLC(1_G_)'], [31.84, 31.4])","(['2.G', '1.G'], ['4C1', '4C1'])"
5i0d.pdb,J GLC 2 C2 C1 GLC 1 O6 C6,J GLC 2 C1 GLC 1 O6 C6 C5,187.494,172.377,"(['GLC(2_J_)', 'GLC(1_J_)'], [16.9, 21.0])","(['2.J', '1.J'], ['4C1', '4C1'])"
5i0d.pdb,I GLC 2 C2 C1 GLC 1 O6 C6,I GLC 2 C1 GLC 1 O6 C6 C5,197.577,181.048,"(['GLC(2_I_)', 'GLC(1_I_)'], [26.59, 34.91])","(['2.I', '1.I'], ['4C1', '4C1'])"
2d0f.pdb,B GLC 3 C2 C1 GLC 2 O6 C6,B GLC 3 C1 GLC 2 O6 C6 C5,170.831,175.173,"(['GLC(3_B_)', 'GLC(2_B_)'], [21.59, 14.57])","(['3.B', '2.B'], ['4C1', '4C1'])"
3wno.pdb,G GLC 4 C2 C1 GLC 3 O6 C6,G GLC 4 C1 GLC 3 O6 C6 C5,189.61,190.177,"(['GLC(4_G_)', 'GLC(3_G_)'], [37.02, 34.39])","(['4.G', '3.G'], ['4C1', '4C1'])"
3wno.pdb,G GLC 3 C2 C1 GLC 2 O6 C6,G GLC 3 C1 GLC 2 O6 C6 C5,190.867,192.094,"(['GLC(3_G_)', 'GLC(2_G_)'], [34.39, 30.96])","(['3.G', '2.G'], ['4C1', '4C1'])"
3wno.pdb,G GLC 2 C2 C1 GLC 1 O6 C6,G GLC 2 C1 GLC 1 O6 C6 C5,171.634,131.57,"(['GLC(2_G_)', 'GLC(1_G_)'], [30.96, 62.12])","(['2.G', '1.G'], ['4C1', '4C1'])"
5x7r.pdb,D GLC 3 C2 C1 GLC 2 O6 C6,D GLC 3 C1 GLC 2 O6 C6 C5,179.435,190.597,"(['GLC(3_D_)', 'GLC(2_D_)'], [38.5, 45.85])","(['3.D', '2.D'], ['4C1', '4C1'])"
5x7r.pdb,D GLC 2 C2 C1 GLC 1 O6 C6,D GLC 2 C1 GLC 1 O6 C6 C5,190.185,177.738,"(['GLC(2_D_)', 'GLC(1_D_)'], [45.85, 68.48])","(['2.D', '1.D'], ['4C1', '4C1'])"
5x7r.pdb,C GLC 5 C2 C1 GLC 4 O6 C6,C GLC 5 C1 GLC 4 O6 C6 C5,185.432,210.322,"(['GLC(5_C_)', 'GLC(4_C_)'], [40.58, 40.3])","(['5.C', '4.C'], ['4C1', '4C1'])"
5x7r.pdb,C GLC 4 C2 C1 GLC 3 O6 C6,C GLC 4 C1 GLC 3 O6 C6 C5,184.228,189.645,"(['GLC(4_C_)', 'GLC(3_C_)'], [40.3, 42.53])","(['4.C', '3.C'], ['4C1', '4C1'])"
5x7r.pdb,C GLC 3 C2 C1 GLC 2 O6 C6,C GLC 3 C1 GLC 2 O6 C6 C5,170.923,156.915,"(['GLC(3_C_)', 'GLC(2_C_)'], [42.53, 43.54])","(['3.C', '2.C'], ['4C1', '4C1'])"
5x7r.pdb,F GLC 3 C2 C1 GLC 2 O6 C6,F GLC 3 C1 GLC 2 O6 C6 C5,180.433,189.69,"(['GLC(3_F_)', 'GLC(2_F_)'], [33.76, 42.26])","(['3.F', '2.F'], ['4C1', '4C1'])"
5x7r.pdb,F GLC 2 C2 C1 GLC 1 O6 C6,F GLC 2 C1 GLC 1 O6 C6 C5,188.028,192.284,"(['GLC(2_F_)', 'GLC(1_F_)'], [42.26, 73.22])","(['2.F', '1.F'], ['4C1', '4C1'])"
6t1p.pdb,D GLC 4 C2 C1 GLC 3 O6 C6,D GLC 4 C1 GLC 3 O6 C6 C5,200.682,187.752,"(['GLC(4_D_)', 'GLC(3_D_)'], [138.3, 152.41])","(['4.D', '3.D'], ['4C1', '4C1'])"
6t1p.pdb,D GLC 3 C2 C1 GLC 2 O6 C6,D GLC 3 C1 GLC 2 O6 C6 C5,233.898,224.597,"(['GLC(3_D_)', 'GLC(2_D_)'], [152.41, 134.02])","(['3.D', '2.D'], ['4C1', '4C1'])"
6t1p.pdb,D GLC 2 C2 C1 GLC 1 O6 C6,D GLC 2 C1 GLC 1 O6 C6 C5,226.594,186.912,"(['GLC(2_D_)', 'GLC(1_D_)'], [134.02, 165.56])","(['2.D', '1.D'], ['4C1', '-'])"
6t1p.pdb,C GLC 3 C2 C1 GLC 2 O6 C6,C GLC 3 C1 GLC 2 O6 C6 C5,184.695,151.504,"(['GLC(3_C_)', 'GLC(2_C_)'], [143.87, 134.43])","(['3.C', '2.C'], ['4C1', '4C1'])"
6t1p.pdb,C GLC 2 C2 C1 GLC 1 O6 C6,C GLC 2 C1 GLC 1 O6 C6 C5,183.298,134.042,"(['GLC(2_C_)', 'GLC(1_C_)'], [134.43, 156.8])","(['2.C', '1.C'], ['4C1', '4C1'])"
4j3w.pdb,B GLC 3 C2 C1 GLC 2 O6 C6,B GLC 3 C1 GLC 2 O6 C6 C5,170.735,158.06,"(['GLC(3_B_)', 'GLC(2_B_)'], [9.52, 13.89])","(['3.B', '2.B'], ['-', '4C1'])"
6gya.pdb,K GLC 3 C2 C1 GLC 2 O6 C6,K GLC 3 C1 GLC 2 O6 C6 C5,195.612,185.927,"(['GLC(3_K_)', 'GLC(2_K_)'], [83.94, 65.02])","(['3.K', '2.K'], ['4C1', '4C1'])"
6gya.pdb,I GLC 3 C2 C1 GLC 2 O6 C6,I GLC 3 C1 GLC 2 O6 C6 C5,225.457,181.872,"(['GLC(3_I_)', 'GLC(2_I_)'], [72.5, 66.15])","(['3.I', '2.I'], ['4C1', '4C1'])"
6gya.pdb,G GLC 3 C2 C1 GLC 2 O6 C6,G GLC 3 C1 GLC 2 O6 C6 C5,201.339,169.434,"(['GLC(3_G_)', 'GLC(2_G_)'], [111.12, 77.94])","(['3.G', '2.G'], ['4C1', '4C1'])"
6gya.pdb,E GLC 3 C2 C1 GLC 2 O6 C6,E GLC 3 C1 GLC 2 O6 C6 C5,229.521,190.613,"(['GLC(3_E_)', 'GLC(2_E_)'], [99.28, 76.0])","(['3.E', '2.E'], ['4C1', '4C1'])"
6bs6.pdb,E GLC 6 C2 C1 GLC 4 O6 C6,E GLC 6 C1 GLC 4 O6 C6 C5,184.476,189.649,"(['GLC(6_E_)', 'GLC(4_E_)'], [73.96, 37.18])","(['6.E', '4.E'], ['4C1', '4C1'])"
6bs6.pdb,G GLC 5 C2 C1 GLC 4 O6 C6,G GLC 5 C1 GLC 4 O6 C6 C5,180.249,151.274,"(['GLC(5_G_)', 'GLC(4_G_)'], [52.58, 43.59])","(['5.G', '4.G'], ['4C1', '4C1'])"
6bs6.pdb,G GLC 7 C2 C1 GLC 2 O6 C6,G GLC 7 C1 GLC 2 O6 C6 C5,195.111,160.474,"(['GLC(7_G_)', 'GLC(2_G_)'], [58.78, 43.92])","(['7.G', '2.G'], ['4C1', '4C1'])"
6bs6.pdb,D GLC 6 C2 C1 GLC 5 O6 C6,D GLC 6 C1 GLC 5 O6 C6 C5,180.238,163.961,"(['GLC(6_D_)', 'GLC(5_D_)'], [31.33, 27.91])","(['6.D', '5.D'], ['4C1', '4C1'])"
6bs6.pdb,D GLC 8 C2 C1 GLC 3 O6 C6,D GLC 8 C1 GLC 3 O6 C6 C5,190.486,173.989,"(['GLC(8_D_)', 'GLC(3_D_)'], [48.49, 26.95])","(['8.D', '3.D'], ['4C1', '4C1'])"
4c9f.pdb,G GLC 4 C2 C1 GLC 3 O6 C6,G GLC 4 C1 GLC 3 O6 C6 C5,224.641,264.26279999999997,"(['GLC(4_G_)', 'GLC(3_G_)'], [95.98, 105.28])","(['4.G', '3.G'], ['-', '4C1'])"
4c9f.pdb,G GLC 3 C2 C1 GLC 2 O6 C6,G GLC 3 C1 GLC 2 O6 C6 C5,263.47429999999997,261.036,"(['GLC(3_G_)', 'GLC(2_G_)'], [105.28, 95.48])","(['3.G', '2.G'], ['4C1', '4C1'])"
5x7h.pdb,B GLC 7 C2 C1 GLC 6 O6 C6,B GLC 7 C1 GLC 6 O6 C6 C5,170.698,200.199,"(['GLC(7_B_)', 'GLC(6_B_)'], [65.0, 61.41])","(['7.B', '6.B'], ['4C1', '4C1'])"
5x7h.pdb,B GLC 6 C2 C1 GLC 5 O6 C6,B GLC 6 C1 GLC 5 O6 C6 C5,188.905,80.1597,"(['GLC(6_B_)', 'GLC(5_B_)'], [61.41, 56.08])","(['6.B', '5.B'], ['4C1', '4C1'])"
5x7h.pdb,B GLC 5 C2 C1 GLC 4 O6 C6,B GLC 5 C1 GLC 4 O6 C6 C5,192.442,196.296,"(['GLC(5_B_)', 'GLC(4_B_)'], [56.08, 46.84])","(['5.B', '4.B'], ['4C1', '4C1'])"
5x7h.pdb,B GLC 4 C2 C1 GLC 3 O6 C6,B GLC 4 C1 GLC 3 O6 C6 C5,182.124,188.42,"(['GLC(4_B_)', 'GLC(3_B_)'], [46.84, 39.91])","(['4.B', '3.B'], ['4C1', '4C1'])"
5x7h.pdb,B GLC 3 C2 C1 GLC 2 O6 C6,B GLC 3 C1 GLC 2 O6 C6 C5,183.355,103.709,"(['GLC(3_B_)', 'GLC(2_B_)'], [39.91, 36.11])","(['3.B', '2.B'], ['4C1', '4C1'])"
5x7h.pdb,B GLC 2 C2 C1 GLC 1 O6 C6,B GLC 2 C1 GLC 1 O6 C6 C5,201.857,222.831,"(['GLC(2_B_)', 'GLC(1_B_)'], [36.11, 82.71])","(['2.B', '1.B'], ['4C1', '-'])"
5x7h.pdb,D GLC 3 C2 C1 GLC 2 O6 C6,D GLC 3 C1 GLC 2 O6 C6 C5,259.76,126.578,"(['GLC(3_D_)', 'GLC(2_D_)'], [107.9, 77.0])","(['3.D', '2.D'], ['-', '-'])"
5x7h.pdb,D GLC 2 C2 C1 GLC 1 O6 C6,D GLC 2 C1 GLC 1 O6 C6 C5,201.546,189.776,"(['GLC(2_D_)', 'GLC(1_D_)'], [77.0, 61.22])","(['2.D', '1.D'], ['-', '4C1'])"
4tvc.pdb,B GLC 3 C2 C1 GLC 2 O6 C6,B GLC 3 C1 GLC 2 O6 C6 C5,184.617,204.663,"(['GLC(3_B_)', 'GLC(2_B_)'], [71.37, 61.67])","(['3.B', '2.B'], ['4C1', '4C1'])"
4tvc.pdb,B GLC 2 C2 C1 GLC 1 O6 C6,B GLC 2 C1 GLC 1 O6 C6 C5,140.452,158.39,"(['GLC(2_B_)', 'GLC(1_B_)'], [61.67, 77.54])","(['2.B', '1.B'], ['4C1', '-'])"
3wnn.pdb,D GLC 4 C2 C1 GLC 3 O6 C6,D GLC 4 C1 GLC 3 O6 C6 C5,191.926,213.642,"(['GLC(4_D_)', 'GLC(3_D_)'], [75.55, 75.08])","(['4.D', '3.D'], ['-', '4C1'])"
3wnn.pdb,D GLC 3 C2 C1 GLC 2 O6 C6,D GLC 3 C1 GLC 2 O6 C6 C5,184.061,190.852,"(['GLC(3_D_)', 'GLC(2_D_)'], [75.08, 62.92])","(['3.D', '2.D'], ['4C1', '4C1'])"
3wnn.pdb,D GLC 2 C2 C1 GLC 1 O6 C6,D GLC 2 C1 GLC 1 O6 C6 C5,173.665,152.323,"(['GLC(2_D_)', 'GLC(1_D_)'], [62.92, 83.94])","(['2.D', '1.D'], ['4C1', '2H3'])"
3wnn.pdb,E GLC 8 C2 C1 GLC 7 O6 C6,E GLC 8 C1 GLC 7 O6 C6 C5,171.95,166.685,"(['GLC(8_E_)', 'GLC(7_E_)'], [36.82, 46.73])","(['8.E', '7.E'], ['4C1', '4C1'])"
3wnn.pdb,E GLC 7 C2 C1 GLC 6 O6 C6,E GLC 7 C1 GLC 6 O6 C6 C5,196.33,200.814,"(['GLC(7_E_)', 'GLC(6_E_)'], [46.73, 44.43])","(['7.E', '6.E'], ['4C1', '-'])"
3wnn.pdb,E GLC 6 C2 C1 GLC 5 O6 C6,E GLC 6 C1 GLC 5 O6 C6 C5,343.9738,254.95499999999998,"(['GLC(6_E_)', 'GLC(5_E_)'], [44.43, 42.87])","(['6.E', '5.E'], ['-', '4C1'])"
3wnn.pdb,E GLC 5 C2 C1 GLC 4 O6 C6,E GLC 5 C1 GLC 4 O6 C6 C5,207.815,191.307,"(['GLC(5_E_)', 'GLC(4_E_)'], [42.87, 40.58])","(['5.E', '4.E'], ['4C1', '4C1'])"
3wnn.pdb,E GLC 4 C2 C1 GLC 3 O6 C6,E GLC 4 C1 GLC 3 O6 C6 C5,198.599,188.881,"(['GLC(4_E_)', 'GLC(3_E_)'], [40.58, 41.88])","(['4.E', '3.E'], ['4C1', '4C1'])"
3wnn.pdb,E GLC 3 C2 C1 GLC 2 O6 C6,E GLC 3 C1 GLC 2 O6 C6 C5,184.666,106.507,"(['GLC(3_E_)', 'GLC(2_E_)'], [41.88, 35.85])","(['3.E', '2.E'], ['4C1', '4C1'])"
3wnn.pdb,C GLC 8 C2 C1 GLC 7 O6 C6,C GLC 8 C1 GLC 7 O6 C6 C5,173.682,166.512,"(['GLC(8_C_)', 'GLC(7_C_)'], [48.86, 62.32])","(['8.C', '7.C'], ['4C1', '4C1'])"
3wnn.pdb,C GLC 7 C2 C1 GLC 6 O6 C6,C GLC 7 C1 GLC 6 O6 C6 C5,193.068,204.462,"(['GLC(7_C_)', 'GLC(6_C_)'], [62.32, 65.67])","(['7.C', '6.C'], ['4C1', '4C1'])"
3wnn.pdb,C GLC 6 C2 C1 GLC 5 O6 C6,C GLC 6 C1 GLC 5 O6 C6 C5,299.6721,232.44400000000002,"(['GLC(6_C_)', 'GLC(5_C_)'], [65.67, 53.25])","(['6.C', '5.C'], ['4C1', '2H3'])"
3wnn.pdb,C GLC 5 C2 C1 GLC 4 O6 C6,C GLC 5 C1 GLC 4 O6 C6 C5,213.925,212.774,"(['GLC(5_C_)', 'GLC(4_C_)'], [53.25, 48.52])","(['5.C', '4.C'], ['2H3', '4C1'])"
3wnn.pdb,C GLC 4 C2 C1 GLC 3 O6 C6,C GLC 4 C1 GLC 3 O6 C6 C5,202.944,191.304,"(['GLC(4_C_)', 'GLC(3_C_)'], [48.52, 46.03])","(['4.C', '3.C'], ['4C1', '4C1'])"
3wnn.pdb,C GLC 3 C2 C1 GLC 2 O6 C6,C GLC 3 C1 GLC 2 O6 C6 C5,180.057,93.8003,"(['GLC(3_C_)', 'GLC(2_C_)'], [46.03, 34.64])","(['3.C', '2.C'], ['4C1', '4C1'])"
3wnn.pdb,F GLC 5 C2 C1 GLC 4 O6 C6,F GLC 5 C1 GLC 4 O6 C6 C5,205.656,200.151,"(['GLC(5_F_)', 'GLC(4_F_)'], [90.82, 72.42])","(['5.F', '4.F'], ['4C1', '-'])"
3wnn.pdb,F GLC 4 C2 C1 GLC 3 O6 C6,F GLC 4 C1 GLC 3 O6 C6 C5,71.5518,119.769,"(['GLC(4_F_)', 'GLC(3_F_)'], [72.42, 59.38])","(['4.F', '3.F'], ['-', '2H3'])"
3wnn.pdb,F GLC 3 C2 C1 GLC 2 O6 C6,F GLC 3 C1 GLC 2 O6 C6 C5,188.784,210.998,"(['GLC(3_F_)', 'GLC(2_F_)'], [59.38, 52.98])","(['3.F', '2.F'], ['2H3', '4C1'])"
3wnn.pdb,F GLC 2 C2 C1 GLC 1 O6 C6,F GLC 2 C1 GLC 1 O6 C6 C5,185.682,172.476,"(['GLC(2_F_)', 'GLC(1_F_)'], [52.98, 76.75])","(['2.F', '1.F'], ['4C1', '4C1'])"
5ngy.pdb,C GLC 4 C2 C1 GLC 3 O6 C6,C GLC 4 C1 GLC 3 O6 C6 C5,314.44939999999997,174.289,"(['GLC(4_C_)', 'GLC(3_C_)'], [81.54, 75.04])","(['4.C', '3.C'], ['4C1', '4C1'])"
5ngy.pdb,C GLC 3 C2 C1 GLC 2 O6 C6,C GLC 3 C1 GLC 2 O6 C6 C5,174.566,199.185,"(['GLC(3_C_)', 'GLC(2_C_)'], [75.04, 65.39])","(['3.C', '2.C'], ['4C1', '4C1'])"
5ngy.pdb,C GLC 2 C2 C1 GLC 1 O6 C6,C GLC 2 C1 GLC 1 O6 C6 C5,176.112,185.204,"(['GLC(2_C_)', 'GLC(1_C_)'], [65.39, 61.89])","(['2.C', '1.C'], ['4C1', '4C1'])"
7lsu.pdb,C GLC 4 C2 C1 GLC 3 O6 C6,C GLC 4 C1 GLC 3 O6 C6 C5,185.82,191.075,"(['GLC(4_C_)', 'GLC(3_C_)'], [22.18, 18.95])","(['4.C', '3.C'], ['4C1', '4C1'])"
2d0h.pdb,B GLC 6 C2 C1 GLC 5 O6 C6,B GLC 6 C1 GLC 5 O6 C6 C5,67.2428,187.05,"(['GLC(6_B_)', 'GLC(5_B_)'], [59.34, 45.09])","(['6.B', '5.B'], ['4C1', '4C1'])"
2d0h.pdb,B GLC 3 C2 C1 GLC 2 O6 C6,B GLC 3 C1 GLC 2 O6 C6 C5,181.715,176.992,"(['GLC(3_B_)', 'GLC(2_B_)'], [21.8, 31.87])","(['3.B', '2.B'], ['4C1', '4C1'])"
5axh.pdb,D GLC 6 C2 C1 GLC 5 O6 C6,D GLC 6 C1 GLC 5 O6 C6 C5,184.993,176.078,"(['GLC(6_D_)', 'GLC(5_D_)'], [54.16, 37.46])","(['6.D', '5.D'], ['-', '4C1'])"
5axh.pdb,D GLC 5 C2 C1 GLC 4 O6 C6,D GLC 5 C1 GLC 4 O6 C6 C5,180.674,99.7712,"(['GLC(5_D_)', 'GLC(4_D_)'], [37.46, 29.95])","(['5.D', '4.D'], ['4C1', '4C1'])"
5axh.pdb,D GLC 4 C2 C1 GLC 3 O6 C6,D GLC 4 C1 GLC 3 O6 C6 C5,174.814,184.868,"(['GLC(4_D_)', 'GLC(3_D_)'], [29.95, 33.87])","(['4.D', '3.D'], ['4C1', '4C1'])"
5axh.pdb,D GLC 3 C2 C1 GLC 2 O6 C6,D GLC 3 C1 GLC 2 O6 C6 C5,189.479,202.828,"(['GLC(3_D_)', 'GLC(2_D_)'], [33.87, 49.49])","(['3.D', '2.D'], ['4C1', '4C1'])"
5axh.pdb,C GLC 4 C2 C1 GLC 3 O6 C6,C GLC 4 C1 GLC 3 O6 C6 C5,192.702,207.88,"(['GLC(4_C_)', 'GLC(3_C_)'], [59.96, 39.33])","(['4.C', '3.C'], ['-', '4C1'])"
5axh.pdb,C GLC 3 C2 C1 GLC 2 O6 C6,C GLC 3 C1 GLC 2 O6 C6 C5,174.235,107.294,"(['GLC(3_C_)', 'GLC(2_C_)'], [39.33, 30.46])","(['3.C', '2.C'], ['4C1', '4C1'])"
5axh.pdb,C GLC 2 C2 C1 GLC 1 O6 C6,C GLC 2 C1 GLC 1 O6 C6 C5,177.782,179.084,"(['GLC(2_C_)', 'GLC(1_C_)'], [30.46, 34.71])","(['2.C', '1.C'], ['4C1', '-'])"
5hqb.pdb,B GLC 3 C2 C1 GLC 2 O6 C6,B GLC 3 C1 GLC 2 O6 C6 C5,173.053,146.461,"(['GLC(3_B_)', 'GLC(2_B_)'], [19.51, 28.44])","(['3.B', '2.B'], ['-', '4C1'])"
8dl1.pdb,R GLC 5 C2 C1 GLC 4 O6 C6,R GLC 5 C1 GLC 4 O6 C6 C5,243.797,139.201,"(['GLC(5_R_)', 'GLC(4_R_)'], [43.82, 37.37])","(['5.R', '4.R'], ['4C1', '4C1'])"
8dl1.pdb,P GLC 5 C2 C1 GLC 4 O6 C6,P GLC 5 C1 GLC 4 O6 C6 C5,241.815,145.506,"(['GLC(5_P_)', 'GLC(4_P_)'], [35.31, 31.4])","(['5.P', '4.P'], ['4C1', '-'])"
8dl1.pdb,Q GLC 5 C2 C1 GLC 4 O6 C6,Q GLC 5 C1 GLC 4 O6 C6 C5,236.661,143.178,"(['GLC(5_Q_)', 'GLC(4_Q_)'], [34.35, 33.25])","(['5.Q', '4.Q'], ['4C1', '-'])"
8dl1.pdb,O GLC 7 C2 C1 GLC 5 O6 C6,O GLC 7 C1 GLC 5 O6 C6 C5,262.2323,143.15,"(['GLC(7_O_)', 'GLC(5_O_)'], [34.06, 26.77])","(['7.O', '5.O'], ['4C1', '4C1'])"
5awq.pdb,B GLC 3 C2 C1 GLC 2 O6 C6,B GLC 3 C1 GLC 2 O6 C6 C5,192.358,165.582,"(['GLC(3_B_)', 'GLC(2_B_)'], [11.44, 11.76])","(['3.B', '2.B'], ['4C1', '4C1'])"
5awq.pdb,C GLC 2 C2 C1 GLC 1 O6 C6,C GLC 2 C1 GLC 1 O6 C6 C5,190.745,187.715,"(['GLC(2_C_)', 'GLC(1_C_)'], [22.5, 28.92])","(['2.C', '1.C'], ['4C1', '4C1'])"
6bpl.pdb,C GLC 4 C2 C1 GLC 2 O6 C6,C GLC 4 C1 GLC 2 O6 C6 C5,188.702,50.0047,"(['GLC(4_C_)', 'GLC(2_C_)'], [168.97, 171.17])","(['4.C', '2.C'], ['-', '4C1'])"
6syq.pdb,C GLC 3 C2 C1 GLC 2 O6 C6,C GLC 3 C1 GLC 2 O6 C6 C5,178.621,188.316,"(['GLC(3_C_)', 'GLC(2_C_)'], [96.49, 100.34])","(['3.C', '2.C'], ['4C1', '4C1'])"
6syq.pdb,C GLC 2 C2 C1 GLC 1 O6 C6,C GLC 2 C1 GLC 1 O6 C6 C5,166.775,232.344,"(['GLC(2_C_)', 'GLC(1_C_)'], [100.34, 138.03])","(['2.C', '1.C'], ['4C1', '4C1'])"
6syq.pdb,D GLC 2 C2 C1 GLC 1 O6 C6,D GLC 2 C1 GLC 1 O6 C6 C5,195.073,169.857,"(['GLC(2_D_)', 'GLC(1_D_)'], [134.5, 147.69])","(['2.D', '1.D'], ['4C1', '4C1'])"
6syq.pdb,E GLC 2 C2 C1 GLC 1 O6 C6,E GLC 2 C1 GLC 1 O6 C6 C5,177.637,186.248,"(['GLC(2_E_)', 'GLC(1_E_)'], [114.77, 101.63])","(['2.E', '1.E'], ['4C1', '-'])"
4zze.pdb,D GLC 3 C2 C1 GLC 2 O6 C6,D GLC 3 C1 GLC 2 O6 C6 C5,196.929,205.138,"(['GLC(3_D_)', 'GLC(2_D_)'], [9.87, 10.29])","(['3.D', '2.D'], ['4C1', '4C1'])"
4zze.pdb,C GLC 3 C2 C1 GLC 2 O6 C6,C GLC 3 C1 GLC 2 O6 C6 C5,198.768,204.02,"(['GLC(3_C_)', 'GLC(2_C_)'], [9.55, 11.87])","(['3.C', '2.C'], ['4C1', '4C1'])"
5x3k.pdb,D GLC 2 C2 C1 GLC 1 O6 C6,D GLC 2 C1 GLC 1 O6 C6 C5,187.861,143.585,"(['GLC(2_D_)', 'GLC(1_D_)'], [29.19, 24.73])","(['2.D', '1.D'], ['4C1', '4C1'])"
6szi.pdb,C GLC 2 C2 C1 GLC 1 O6 C6,C GLC 2 C1 GLC 1 O6 C6 C5,180.124,194.23,"(['GLC(2_C_)', 'GLC(1_C_)'], [81.21, 91.94])","(['2.C', '1.C'], ['4C1', '4C1'])"
6szi.pdb,E GLC 2 C2 C1 GLC 1 O6 C6,E GLC 2 C1 GLC 1 O6 C6 C5,196.942,179.95,"(['GLC(2_E_)', 'GLC(1_E_)'], [120.38, 103.31])","(['2.E', '1.E'], ['4C1', '4C1'])"
6szi.pdb,D GLC 2 C2 C1 GLC 1 O6 C6,D GLC 2 C1 GLC 1 O6 C6 C5,192.703,178.382,"(['GLC(2_D_)', 'GLC(1_D_)'], [104.6, 128.73])","(['2.D', '1.D'], ['4C1', '4C1'])"
8iua.pdb,B GLC 2 C2 C1 GLC 1 O6 C6,B GLC 2 C1 GLC 1 O6 C6 C5,177.054,95.235,"(['GLC(2_B_)', 'GLC(1_B_)'], [35.64, 32.32])","(['2.B', '1.B'], ['4C1', '4C1'])"
6a0k.pdb,C GLC 3 C2 C1 GLC 2 O6 C6,C GLC 3 C1 GLC 2 O6 C6 C5,201.786,231.633,"(['GLC(3_C_)', 'GLC(2_C_)'], [30.54, 27.08])","(['3.C', '2.C'], ['4C1', '4C1'])"
6a0k.pdb,D GLC 3 C2 C1 GLC 2 O6 C6,D GLC 3 C1 GLC 2 O6 C6 C5,189.764,194.237,"(['GLC(3_D_)', 'GLC(2_D_)'], [37.86, 30.89])","(['3.D', '2.D'], ['4C1', '4C1'])"
6a0k.pdb,E GLC 3 C2 C1 GLC 2 O6 C6,E GLC 3 C1 GLC 2 O6 C6 C5,200.942,221.67,"(['GLC(3_E_)', 'GLC(2_E_)'], [34.93, 25.64])","(['3.E', '2.E'], ['4C1', '4C1'])"
6a0k.pdb,F GLC 3 C2 C1 GLC 2 O6 C6,F GLC 3 C1 GLC 2 O6 C6 C5,192.991,200.485,"(['GLC(3_F_)', 'GLC(2_F_)'], [25.84, 33.33])","(['3.F', '2.F'], ['4C1', '4C1'])"
3wnl.pdb,C GLC 4 C2 C1 GLC 3 O6 C6,C GLC 4 C1 GLC 3 O6 C6 C5,255.625,173.54,"(['GLC(4_C_)', 'GLC(3_C_)'], [130.46, 128.01])","(['4.C', '3.C'], ['4C1', '4C1'])"
3wnl.pdb,C GLC 3 C2 C1 GLC 2 O6 C6,C GLC 3 C1 GLC 2 O6 C6 C5,213.834,186.021,"(['GLC(3_C_)', 'GLC(2_C_)'], [128.01, 106.34])","(['3.C', '2.C'], ['4C1', '4C1'])"
3wnl.pdb,C GLC 2 C2 C1 GLC 1 O6 C6,C GLC 2 C1 GLC 1 O6 C6 C5,233.24,179.79,"(['GLC(2_C_)', 'GLC(1_C_)'], [106.34, 133.68])","(['2.C', '1.C'], ['4C1', '-'])"
3wnl.pdb,B GLC 4 C2 C1 GLC 3 O6 C6,B GLC 4 C1 GLC 3 O6 C6 C5,192.238,192.707,"(['GLC(4_B_)', 'GLC(3_B_)'], [90.09, 75.12])","(['4.B', '3.B'], ['4C1', '4C1'])"
3wnl.pdb,B GLC 3 C2 C1 GLC 2 O6 C6,B GLC 3 C1 GLC 2 O6 C6 C5,177.678,104.185,"(['GLC(3_B_)', 'GLC(2_B_)'], [75.12, 47.7])","(['3.B', '2.B'], ['4C1', '4C1'])"
1j0i.pdb,C GLC 3 C2 C1 GLC 2 O6 C6,C GLC 3 C1 GLC 2 O6 C6 C5,179.048,179.275,"(['GLC(3_C_)', 'GLC(2_C_)'], [48.62, 39.07])","(['3.C', '2.C'], ['4C1', '4C1'])"
1j0i.pdb,D GLC 3 C2 C1 GLC 2 O6 C6,D GLC 3 C1 GLC 2 O6 C6 C5,174.296,185.123,"(['GLC(3_D_)', 'GLC(2_D_)'], [54.34, 44.75])","(['3.D', '2.D'], ['4C1', '4C1'])"
6bpp.pdb,C GLC 8 C2 C1 GLC 6 O6 C6,C GLC 8 C1 GLC 6 O6 C6 C5,254.993,266.39459999999997,"(['GLC(8_C_)', 'GLC(6_C_)'], [144.84, 154.14])","(['8.C', '6.C'], ['-', '-'])"
5i0f.pdb,A GLC 2 C2 C1 GLC 1 O6 C6,A GLC 2 C1 GLC 1 O6 C6 C5,188.412,69.1456,"(['GLC(2_A_)', 'GLC(1_A_)'], [24.07, 33.2])","(['2.A', '1.A'], ['4C1', '4C1'])"
5hxm.pdb,C GLC 2 C2 C1 GLC 1 O6 C6,C GLC 2 C1 GLC 1 O6 C6 C5,189.156,164.089,"(['GLC(2_C_)', 'GLC(1_C_)'], [41.74, 45.96])","(['2.C', '1.C'], ['4C1', '4C1'])"
6jr7.pdb,E GLC 2 C2 C1 GLC 1 O6 C6,E GLC 2 C1 GLC 1 O6 C6 C5,189.356,148.454,"(['GLC(2_E_)', 'GLC(1_E_)'], [33.67, 27.94])","(['2.E', '1.E'], ['4C1', '4C1'])"
6jr7.pdb,H GLC 2 C2 C1 GLC 1 O6 C6,H GLC 2 C1 GLC 1 O6 C6 C5,191.352,145.788,"(['GLC(2_H_)', 'GLC(1_H_)'], [40.34, 30.84])","(['2.H', '1.H'], ['4C1', '4C1'])"
6jr7.pdb,G GLC 2 C2 C1 GLC 1 O6 C6,G GLC 2 C1 GLC 1 O6 C6 C5,187.52,152.605,"(['GLC(2_G_)', 'GLC(1_G_)'], [39.63, 27.18])","(['2.G', '1.G'], ['4C1', '4C1'])"
6jr7.pdb,F GLC 2 C2 C1 GLC 1 O6 C6,F GLC 2 C1 GLC 1 O6 C6 C5,184.563,152.101,"(['GLC(2_F_)', 'GLC(1_F_)'], [40.94, 27.38])","(['2.F', '1.F'], ['4C1', '4C1'])"
2zid.pdb,B GLC 3 C2 C1 GLC 2 O6 C6,B GLC 3 C1 GLC 2 O6 C6 C5,164.581,202.158,"(['GLC(3_B_)', 'GLC(2_B_)'], [9.87, 17.99])","(['3.B', '2.B'], ['4C1', '4C1'])"
2zid.pdb,B GLC 2 C2 C1 GLC 1 O6 C6,B GLC 2 C1 GLC 1 O6 C6 C5,182.467,140.835,"(['GLC(2_B_)', 'GLC(1_B_)'], [17.99, 39.08])","(['2.B', '1.B'], ['4C1', '4C1'])"
2j73.pdb,C GLC 4 C2 C1 GLC 3 O6 C6,C GLC 4 C1 GLC 3 O6 C6 C5,182.85,167.838,"(['GLC(4_C_)', 'GLC(3_C_)'], [36.46, 23.71])","(['4.C', '3.C'], ['4C1', '4C1'])"
4bfo.pdb,B GLC 3 C2 C1 GLC 2 O6 C6,B GLC 3 C1 GLC 2 O6 C6 C5,212.066,186.818,"(['GLC(3_B_)', 'GLC(2_B_)'], [39.96, 18.74])","(['3.B', '2.B'], ['4C1', '4C1'])"
4bfo.pdb,B GLC 2 C2 C1 GLC 1 O6 C6,B GLC 2 C1 GLC 1 O6 C6 C5,197.671,222.621,"(['GLC(2_B_)', 'GLC(1_B_)'], [18.74, 18.73])","(['2.B', '1.B'], ['4C1', '-'])"
5i0e.pdb,A GLC 2 C2 C1 GLC 1 O6 C6,A GLC 2 C1 GLC 1 O6 C6 C5,187.905,130.639,"(['GLC(2_A_)', 'GLC(1_A_)'], [28.02, 29.26])","(['2.A', '1.A'], ['4C1', '4C1'])"
5lgw.pdb,F GLC 2 C2 C1 GLC 1 O6 C6,F GLC 2 C1 GLC 1 O6 C6 C5,182.667,166.534,"(['GLC(2_F_)', 'GLC(1_F_)'], [65.0, 90.9])","(['2.F', '1.F'], ['4C1', '4C1'])"
5lgw.pdb,D GLC 3 C2 C1 GLC 2 O6 C6,D GLC 3 C1 GLC 2 O6 C6 C5,176.554,160.637,"(['GLC(3_D_)', 'GLC(2_D_)'], [50.6, 69.55])","(['3.D', '2.D'], ['4C1', '4C1'])"
1j0k.pdb,C GLC 2 C2 C1 GLC 1 O6 C6,C GLC 2 C1 GLC 1 O6 C6 C5,195.696,176.894,"(['GLC(2_C_)', 'GLC(1_C_)'], [7.56, 20.57])","(['2.C', '1.C'], ['4C1', '4C1'])"
1j0k.pdb,D GLC 2 C2 C1 GLC 1 O6 C6,D GLC 2 C1 GLC 1 O6 C6 C5,202.129,189.978,"(['GLC(2_D_)', 'GLC(1_D_)'], [14.36, 19.14])","(['2.D', '1.D'], ['4C1', '4C1'])"
4bfn.pdb,B GLC 4 C2 C1 GLC 3 O6 C6,B GLC 4 C1 GLC 3 O6 C6 C5,144.176,140.989,"(['GLC(4_B_)', 'GLC(3_B_)'], [28.68, 35.97])","(['4.B', '3.B'], ['-', '4C1'])"
4bfn.pdb,B GLC 3 C2 C1 GLC 2 O6 C6,B GLC 3 C1 GLC 2 O6 C6 C5,262.33410000000003,145.03,"(['GLC(3_B_)', 'GLC(2_B_)'], [35.97, 33.35])","(['3.B', '2.B'], ['4C1', '4C1'])"
4bfn.pdb,B GLC 2 C2 C1 GLC 1 O6 C6,B GLC 2 C1 GLC 1 O6 C6 C5,234.65300000000002,191.768,"(['GLC(2_B_)', 'GLC(1_B_)'], [33.35, 35.76])","(['2.B', '1.B'], ['4C1', '1S3'])"
4ttu.pdb,B GLC 2 C2 C1 GLC 1 O6 C6,B GLC 2 C1 GLC 1 O6 C6 C5,177.157,181.735,"(['GLC(2_B_)', 'GLC(1_B_)'], [61.54, 66.34])","(['2.B', '1.B'], ['4C1', '4C1'])"
5jbe.pdb,C GLC 5 C2 C1 GLC 4 O6 C6,C GLC 5 C1 GLC 4 O6 C6 C5,206.089,138.617,"(['GLC(5_C_)', 'GLC(4_C_)'], [71.2, 56.37])","(['5.C', '4.C'], ['4C1', '4C1'])"
5jbe.pdb,D GLC 5 C2 C1 GLC 4 O6 C6,D GLC 5 C1 GLC 4 O6 C6 C5,213.207,143.902,"(['GLC(5_D_)', 'GLC(4_D_)'], [80.77, 57.32])","(['5.D', '4.D'], ['4C1', '4C1'])"
1vb9.pdb,C GLC 5 C2 C1 GLC 4 O6 C6,C GLC 5 C1 GLC 4 O6 C6 C5,177.304,173.979,"(['GLC(5_C_)', 'GLC(4_C_)'], [36.48, 28.5])","(['5.C', '4.C'], ['4C1', '4C1'])"
1vb9.pdb,C GLC 6 C2 C1 GLC 2 O6 C6,C GLC 6 C1 GLC 2 O6 C6 C5,185.511,192.434,"(['GLC(6_C_)', 'GLC(2_C_)'], [52.28, 35.57])","(['6.C', '2.C'], ['4C1', '4C1'])"
1vb9.pdb,D GLC 5 C2 C1 GLC 4 O6 C6,D GLC 5 C1 GLC 4 O6 C6 C5,173.514,172.939,"(['GLC(5_D_)', 'GLC(4_D_)'], [39.79, 31.78])","(['5.D', '4.D'], ['4C1', '4C1'])"
1vb9.pdb,D GLC 6 C2 C1 GLC 2 O6 C6,D GLC 6 C1 GLC 2 O6 C6 C5,188.31,191.572,"(['GLC(6_D_)', 'GLC(2_D_)'], [59.37, 44.2])","(['6.D', '2.D'], ['4C1', '4C1'])"
6jr8.pdb,H GLC 3 C2 C1 GLC 2 O6 C6,H GLC 3 C1 GLC 2 O6 C6 C5,179.904,172.71,"(['GLC(3_H_)', 'GLC(2_H_)'], [20.04, 15.76])","(['3.H', '2.H'], ['4C1', '4C1'])"
6jr8.pdb,H GLC 2 C2 C1 GLC 1 O6 C6,H GLC 2 C1 GLC 1 O6 C6 C5,191.551,146.925,"(['GLC(2_H_)', 'GLC(1_H_)'], [15.76, 11.83])","(['2.H', '1.H'], ['4C1', '4C1'])"
6jr8.pdb,F GLC 3 C2 C1 GLC 2 O6 C6,F GLC 3 C1 GLC 2 O6 C6 C5,179.576,180.387,"(['GLC(3_F_)', 'GLC(2_F_)'], [19.63, 15.03])","(['3.F', '2.F'], ['4C1', '4C1'])"
6jr8.pdb,F GLC 2 C2 C1 GLC 1 O6 C6,F GLC 2 C1 GLC 1 O6 C6 C5,188.849,145.809,"(['GLC(2_F_)', 'GLC(1_F_)'], [15.03, 15.37])","(['2.F', '1.F'], ['4C1', '4C1'])"
6jr8.pdb,E GLC 3 C2 C1 GLC 2 O6 C6,E GLC 3 C1 GLC 2 O6 C6 C5,183.764,172.942,"(['GLC(3_E_)', 'GLC(2_E_)'], [20.94, 15.28])","(['3.E', '2.E'], ['4C1', '4C1'])"
6jr8.pdb,E GLC 2 C2 C1 GLC 1 O6 C6,E GLC 2 C1 GLC 1 O6 C6 C5,191.881,145.391,"(['GLC(2_E_)', 'GLC(1_E_)'], [15.28, 12.37])","(['2.E', '1.E'], ['4C1', '4C1'])"
6jr8.pdb,G GLC 3 C2 C1 GLC 2 O6 C6,G GLC 3 C1 GLC 2 O6 C6 C5,184.758,172.597,"(['GLC(3_G_)', 'GLC(2_G_)'], [25.0, 17.59])","(['3.G', '2.G'], ['4C1', '4C1'])"
6jr8.pdb,G GLC 2 C2 C1 GLC 1 O6 C6,G GLC 2 C1 GLC 1 O6 C6 C5,190.891,144.275,"(['GLC(2_G_)', 'GLC(1_G_)'], [17.59, 13.82])","(['2.G', '1.G'], ['4C1', '4C1'])"
8iub.pdb,B GLC 3 C2 C1 GLC 2 O6 C6,B GLC 3 C1 GLC 2 O6 C6 C5,184.832,192.579,"(['GLC(3_B_)', 'GLC(2_B_)'], [20.26, 18.59])","(['3.B', '2.B'], ['4C1', '4C1'])"
8iub.pdb,B GLC 2 C2 C1 GLC 1 O6 C6,B GLC 2 C1 GLC 1 O6 C6 C5,181.085,95.0497,"(['GLC(2_B_)', 'GLC(1_B_)'], [18.59, 16.44])","(['2.B', '1.B'], ['4C1', '4C1'])"
6t16.pdb,E GLC 2 C2 C1 GLC 1 O6 C6,E GLC 2 C1 GLC 1 O6 C6 C5,204.336,207.523,"(['GLC(2_E_)', 'GLC(1_E_)'], [152.56, 149.35])","(['2.E', '1.E'], ['4C1', '4C1'])"
6t16.pdb,C GLC 2 C2 C1 GLC 1 O6 C6,C GLC 2 C1 GLC 1 O6 C6 C5,190.434,194.912,"(['GLC(2_C_)', 'GLC(1_C_)'], [135.12, 110.81])","(['2.C', '1.C'], ['4C1', '4C1'])"
3wnm.pdb,B GLC 7 C2 C1 GLC 6 O6 C6,B GLC 7 C1 GLC 6 O6 C6 C5,188.144,157.75,"(['GLC(7_B_)', 'GLC(6_B_)'], [48.91, 49.48])","(['7.B', '6.B'], ['4C1', '4C1'])"
3wnm.pdb,B GLC 6 C2 C1 GLC 5 O6 C6,B GLC 6 C1 GLC 5 O6 C6 C5,172.232,79.8124,"(['GLC(6_B_)', 'GLC(5_B_)'], [49.48, 54.42])","(['6.B', '5.B'], ['4C1', '4C1'])"
3wnm.pdb,B GLC 5 C2 C1 GLC 4 O6 C6,B GLC 5 C1 GLC 4 O6 C6 C5,169.666,166.513,"(['GLC(5_B_)', 'GLC(4_B_)'], [54.42, 52.68])","(['5.B', '4.B'], ['4C1', '4C1'])"
3wnm.pdb,B GLC 4 C2 C1 GLC 3 O6 C6,B GLC 4 C1 GLC 3 O6 C6 C5,176.764,190.3,"(['GLC(4_B_)', 'GLC(3_B_)'], [52.68, 48.16])","(['4.B', '3.B'], ['4C1', '4C1'])"
3wnm.pdb,B GLC 3 C2 C1 GLC 2 O6 C6,B GLC 3 C1 GLC 2 O6 C6 C5,200.849,206.916,"(['GLC(3_B_)', 'GLC(2_B_)'], [48.16, 29.06])","(['3.B', '2.B'], ['4C1', '4C1'])"
3wnm.pdb,C GLC 4 C2 C1 GLC 3 O6 C6,C GLC 4 C1 GLC 3 O6 C6 C5,190.843,185.966,"(['GLC(4_C_)', 'GLC(3_C_)'], [78.34, 67.16])","(['4.C', '3.C'], ['-', '4C1'])"
3wnm.pdb,C GLC 3 C2 C1 GLC 2 O6 C6,C GLC 3 C1 GLC 2 O6 C6 C5,195.296,195.413,"(['GLC(3_C_)', 'GLC(2_C_)'], [67.16, 55.61])","(['3.C', '2.C'], ['4C1', '4C1'])"
3wnm.pdb,C GLC 2 C2 C1 GLC 1 O6 C6,C GLC 2 C1 GLC 1 O6 C6 C5,239.941,183.976,"(['GLC(2_C_)', 'GLC(1_C_)'], [55.61, 92.41])","(['2.C', '1.C'], ['4C1', '-'])"
5x7q.pdb,F GLC 4 C2 C1 GLC 3 O6 C6,F GLC 4 C1 GLC 3 O6 C6 C5,186.966,175.607,"(['GLC(4_F_)', 'GLC(3_F_)'], [54.79, 34.48])","(['4.F', '3.F'], ['4C1', '4C1'])"
5x7q.pdb,H GLC 2 C2 C1 GLC 1 O6 C6,H GLC 2 C1 GLC 1 O6 C6 C5,181.193,189.873,"(['GLC(2_H_)', 'GLC(1_H_)'], [35.3, 51.02])","(['2.H', '1.H'], ['4C1', '4C1'])"
5x7q.pdb,J GLC 4 C2 C1 GLC 3 O6 C6,J GLC 4 C1 GLC 3 O6 C6 C5,184.648,181.385,"(['GLC(4_J_)', 'GLC(3_J_)'], [62.1, 35.92])","(['4.J', '3.J'], ['4C1', '4C1'])"
5x7q.pdb,D GLC 2 C2 C1 GLC 1 O6 C6,D GLC 2 C1 GLC 1 O6 C6 C5,182.421,186.799,"(['GLC(2_D_)', 'GLC(1_D_)'], [44.87, 58.64])","(['2.D', '1.D'], ['4C1', '4C1'])"
6htv.pdb,B GLC 4 C2 C1 GLC 3 O6 C6,B GLC 4 C1 GLC 3 O6 C6 C5,179.141,173.16,"(['GLC(4_B_)', 'GLC(3_B_)'], [160.04, 160.21])","(['4.B', '3.B'], ['4C1', '4C1'])"
6htv.pdb,B GLC 3 C2 C1 GLC 2 O6 C6,B GLC 3 C1 GLC 2 O6 C6 C5,211.406,128.534,"(['GLC(3_B_)', 'GLC(2_B_)'], [160.21, 151.74])","(['3.B', '2.B'], ['4C1', '4C1'])"
6htv.pdb,B GLC 2 C2 C1 GLC 1 O6 C6,B GLC 2 C1 GLC 1 O6 C6 C5,275.0799,218.046,"(['GLC(2_B_)', 'GLC(1_B_)'], [151.74, 156.47])","(['2.B', '1.B'], ['4C1', '-'])"
2d0g.pdb,B GLC 6 C2 C1 GLC 5 O6 C6,B GLC 6 C1 GLC 5 O6 C6 C5,184.655,182.942,"(['GLC(6_B_)', 'GLC(5_B_)'], [27.62, 23.92])","(['6.B', '5.B'], ['4C1', '4C1'])"
2d0g.pdb,B GLC 3 C2 C1 GLC 2 O6 C6,B GLC 3 C1 GLC 2 O6 C6 C5,185.823,177.25,"(['GLC(3_B_)', 'GLC(2_B_)'], [15.19, 18.4])","(['3.B', '2.B'], ['4C1', '4C1'])"
6t18.pdb,C GLC 6 C2 C1 GLC 5 O6 C6,C GLC 6 C1 GLC 5 O6 C6 C5,213.747,180.805,"(['GLC(6_C_)', 'GLC(5_C_)'], [116.03, 103.01])","(['6.C', '5.C'], ['4C1', '4C1'])"
6t18.pdb,C GLC 4 C2 C1 GLC 3 O6 C6,C GLC 4 C1 GLC 3 O6 C6 C5,185.707,179.776,"(['GLC(4_C_)', 'GLC(3_C_)'], [91.87, 94.88])","(['4.C', '3.C'], ['4C1', '4C1'])"
6t18.pdb,C GLC 2 C2 C1 GLC 1 O6 C6,C GLC 2 C1 GLC 1 O6 C6 C5,191.855,180.948,"(['GLC(2_C_)', 'GLC(1_C_)'], [119.11, 139.47])","(['2.C', '1.C'], ['-', '4C1'])"
6t18.pdb,D GLC 2 C2 C1 GLC 1 O6 C6,D GLC 2 C1 GLC 1 O6 C6 C5,211.044,153.504,"(['GLC(2_D_)', 'GLC(1_D_)'], [162.89, 141.84])","(['2.D', '1.D'], ['4C1', '-'])"
6t18.pdb,E GLC 3 C2 C1 GLC 2 O6 C6,E GLC 3 C1 GLC 2 O6 C6 C5,185.111,184.122,"(['GLC(3_E_)', 'GLC(2_E_)'], [104.62, 110.6])","(['3.E', '2.E'], ['4C1', '4C1'])"
3vmo.pdb,C GLC 2 C2 C1 GLC 1 O6 C6,C GLC 2 C1 GLC 1 O6 C6 C5,181.338,195.252,"(['GLC(2_C_)', 'GLC(1_C_)'], [44.62, 43.32])","(['2.C', '1.C'], ['4C1', '4C1'])"
3vmo.pdb,B GLC 4 C2 C1 GLC 3 O6 C6,B GLC 4 C1 GLC 3 O6 C6 C5,190.44,165.023,"(['GLC(4_B_)', 'GLC(3_B_)'], [65.4, 57.6])","(['4.B', '3.B'], ['-', '4C1'])"
3vmo.pdb,B GLC 3 C2 C1 GLC 2 O6 C6,B GLC 3 C1 GLC 2 O6 C6 C5,185.82,102.424,"(['GLC(3_B_)', 'GLC(2_B_)'], [57.6, 46.1])","(['3.B', '2.B'], ['4C1', '4C1'])"
5f7u.pdb,F GLC 3 C2 C1 GLC 2 O6 C6,F GLC 3 C1 GLC 2 O6 C6 C5,184.148,135.35,"(['GLC(3_F_)', 'GLC(2_F_)'], [26.02, 22.36])","(['3.F', '2.F'], ['4C1', '4C1'])"
5f7u.pdb,B GLC 3 C2 C1 GLC 2 O6 C6,B GLC 3 C1 GLC 2 O6 C6 C5,190.012,172.289,"(['GLC(3_B_)', 'GLC(2_B_)'], [18.0, 24.0])","(['3.B', '2.B'], ['4C1', '4C1'])"
5f7u.pdb,B GLC 4 C2 C1 GLC 1 O6 C6,B GLC 4 C1 GLC 1 O6 C6 C5,126.332,209.52,"(['GLC(4_B_)', 'GLC(1_B_)'], [45.95, 38.65])","(['4.B', '1.B'], ['BO3', '-'])"
5f7u.pdb,C GLC 2 C2 C1 GLC 1 O6 C6,C GLC 2 C1 GLC 1 O6 C6 C5,181.028,227.982,"(['GLC(2_C_)', 'GLC(1_C_)'], [30.13, 50.31])","(['2.C', '1.C'], ['4C1', '-'])"
5f7u.pdb,D GLC 2 C2 C1 GLC 1 O6 C6,D GLC 2 C1 GLC 1 O6 C6 C5,194.511,176.895,"(['GLC(2_D_)', 'GLC(1_D_)'], [37.15, 33.95])","(['2.D', '1.D'], ['4C1', '4C1'])"
